Date,Time,Weekday,in_count,out_count,Temp,Drop,R_label
2019-01-01,6,1,389,247,15.8,0.0,0
2019-01-01,7,1,472,388,15.9,0.5,1
2019-01-01,8,1,421,377,16.2,0.0,0
2019-01-01,9,1,481,645,16.4,0.0,0
2019-01-01,10,1,594,794,16.4,0.0,0
2019-01-01,17,1,2020,2302,16.1,0.0,0
2019-01-01,18,1,1912,2175,16.1,0.0,0
2019-01-01,19,1,1569,1689,16.2,0.0,0
2019-01-01,20,1,1547,1542,16.1,0.0,0
2019-01-01,21,1,1447,1347,15.8,0.5,1
2019-01-02,6,2,300,328,16.0,0.2,1
2019-01-02,7,2,1020,1636,16.2,0.6,1
2019-01-02,8,2,1839,3298,16.4,0.6,1
2019-01-02,9,2,1250,2543,16.5,0.9,1
2019-01-02,10,2,873,2101,16.7,0.2,1
2019-01-02,17,2,2889,2098,17.6,0.2,1
2019-01-02,18,2,3540,2585,17.6,0.3,1
2019-01-02,19,2,2485,2192,17.6,0.1,1
2019-01-02,20,2,1718,1243,17.7,0.7,1
2019-01-02,21,2,1983,1071,17.9,0.3,1
2019-01-03,6,3,267,335,17.2,1.4,1
2019-01-03,7,3,1074,1618,17.4,0.4,1
2019-01-03,8,3,1851,2920,17.6,0.9,1
2019-01-03,9,3,1260,2393,17.8,0.4,1
2019-01-03,10,3,836,1944,18.2,0.2,1
2019-01-03,17,3,2813,2184,18.7,0.0,0
2019-01-03,18,3,3764,2748,18.9,0.0,0
2019-01-03,19,3,2504,2015,19.0,0.0,0
2019-01-03,20,3,1859,1229,19.0,0.0,0
2019-01-03,21,3,2040,1184,19.4,0.0,0
2019-01-04,6,4,276,289,20.8,0.0,0
2019-01-04,7,4,1051,1587,20.5,0.0,0
2019-01-04,8,4,1807,2804,21.4,0.0,0
2019-01-04,9,4,1220,2249,23.5,0.0,0
2019-01-04,10,4,840,1868,25.7,0.0,0
2019-01-04,17,4,3244,2572,21.1,0.0,0
2019-01-04,18,4,3899,2932,20.1,0.0,0
2019-01-04,19,4,2595,2408,20.0,0.0,0
2019-01-04,20,4,2001,1477,19.9,0.0,0
2019-01-04,21,4,2369,1360,19.8,0.0,0
2019-01-07,6,0,304,295,18.3,0.0,0
2019-01-07,7,0,1041,1518,18.6,0.0,0
2019-01-07,8,0,1736,2867,19.0,0.0,0
2019-01-07,9,0,1113,2230,19.3,0.0,0
2019-01-07,10,0,824,1581,20.5,0.0,0
2019-01-07,17,0,2679,2004,22.4,0.0,0
2019-01-07,18,0,3299,2411,22.0,0.0,0
2019-01-07,19,0,2063,1884,21.8,0.0,0
2019-01-07,20,0,1702,1133,21.8,0.0,0
2019-01-07,21,0,1782,1075,21.6,0.0,0
2019-01-08,6,1,274,301,20.2,0.0,0
2019-01-08,7,1,1143,1581,19.9,0.0,0
2019-01-08,8,1,1726,2829,20.4,0.0,0
2019-01-08,9,1,1232,2431,20.7,0.0,0
2019-01-08,10,1,777,1465,20.7,0.0,0
2019-01-08,17,1,2729,2101,19.5,0.0,0
2019-01-08,18,1,3364,2727,19.4,0.0,0
2019-01-08,19,1,2181,1919,19.2,0.0,0
2019-01-08,20,1,1847,1169,19.0,0.0,0
2019-01-08,21,1,1895,1113,18.9,0.0,0
2019-01-09,6,2,284,333,16.9,0.0,0
2019-01-09,7,2,1108,1584,16.9,0.0,0
2019-01-09,8,2,1855,2951,17.5,0.0,0
2019-01-09,9,2,1186,2104,18.2,0.0,0
2019-01-09,10,2,837,1487,18.6,0.0,0
2019-01-09,17,2,2781,2261,19.0,0.0,0
2019-01-09,18,2,3329,2482,19.2,0.0,0
2019-01-09,19,2,2137,2076,19.5,0.0,0
2019-01-09,20,2,1593,1108,19.7,0.0,0
2019-01-09,21,2,2061,1134,19.8,0.0,0
2019-01-10,6,3,281,293,20.8,0.0,0
2019-01-10,7,3,1052,1538,20.7,0.0,0
2019-01-10,8,3,1801,2856,21.1,0.0,0
2019-01-10,9,3,1298,2141,23.2,0.0,0
2019-01-10,10,3,840,1426,23.2,0.0,0
2019-01-10,17,3,3033,2373,22.9,0.0,0
2019-01-10,18,3,3808,2738,22.6,0.0,0
2019-01-10,19,3,2346,2032,22.3,0.0,0
2019-01-10,20,3,1848,1234,22.3,0.0,0
2019-01-10,21,3,2073,1336,22.4,0.0,0
2019-01-11,6,4,270,342,20.7,0.0,0
2019-01-11,7,4,1094,1548,20.9,0.0,0
2019-01-11,8,4,1789,2813,21.3,0.0,0
2019-01-11,9,4,1309,2209,22.5,0.0,0
2019-01-11,10,4,925,1637,23.2,0.0,0
2019-01-11,17,4,3670,2813,22.1,0.0,0
2019-01-11,18,4,4392,3168,21.1,0.0,0
2019-01-11,19,4,2686,2493,21.5,0.0,0
2019-01-11,20,4,2142,1610,21.4,0.0,0
2019-01-11,21,4,2645,1772,20.9,0.0,0
2019-01-14,6,0,319,359,17.7,0.0,0
2019-01-14,7,0,1062,1454,18.1,0.0,0
2019-01-14,8,0,1792,2350,18.7,0.0,0
2019-01-14,9,0,1231,1668,19.2,0.0,0
2019-01-14,10,0,905,1373,19.5,0.0,0
2019-01-14,17,0,2821,2267,20.5,0.0,0
2019-01-14,18,0,3270,2556,20.5,0.0,0
2019-01-14,19,0,2251,2109,20.4,0.0,0
2019-01-14,20,0,1669,1340,20.4,0.0,0
2019-01-14,21,0,1910,1273,20.6,0.0,0
2019-01-15,6,1,306,341,20.2,0.0,0
2019-01-15,7,1,1082,1448,19.8,0.0,0
2019-01-15,8,1,1958,2413,20.1,0.0,0
2019-01-15,9,1,1264,1759,21.1,0.0,0
2019-01-15,10,1,904,1398,21.6,0.0,0
2019-01-15,17,1,2823,2218,22.0,0.0,0
2019-01-15,18,1,3375,2713,21.5,0.0,0
2019-01-15,19,1,2140,2021,20.7,0.0,0
2019-01-15,20,1,1674,1238,20.1,0.0,0
2019-01-15,21,1,2022,1268,19.7,0.0,0
2019-01-16,6,2,305,345,16.4,0.8,1
2019-01-16,7,2,1072,1446,16.4,0.5,1
2019-01-16,8,2,1929,2427,16.5,2.3,1
2019-01-16,9,2,1396,1702,16.2,2.5,1
2019-01-16,10,2,972,1262,16.7,0.3,1
2019-01-16,17,2,2713,2226,16.5,0.2,1
2019-01-16,18,2,3405,2640,16.3,0.9,1
2019-01-16,19,2,2154,2092,16.2,0.0,0
2019-01-16,20,2,1722,1246,16.3,0.2,1
2019-01-16,21,2,1994,1240,15.9,1.1,1
2019-01-17,6,3,330,323,15.0,0.3,1
2019-01-17,7,3,1046,1537,15.1,0.2,1
2019-01-17,8,3,1871,2524,15.5,0.0,0
2019-01-17,9,3,1294,1624,15.9,0.0,0
2019-01-17,10,3,858,1430,15.9,0.0,0
2019-01-17,17,3,2995,2408,16.2,0.0,0
2019-01-17,18,3,3425,2545,15.9,0.0,0
2019-01-17,19,3,2353,2289,15.8,0.0,0
2019-01-17,20,3,1863,1313,15.9,0.0,0
2019-01-17,21,3,1996,1270,16.0,0.0,0
2019-01-18,6,4,302,336,15.6,0.0,0
2019-01-18,7,4,1062,1448,15.4,0.0,0
2019-01-18,8,4,1817,2483,16.2,0.0,0
2019-01-18,9,4,1249,1721,17.3,0.0,0
2019-01-18,10,4,949,1679,19.3,0.0,0
2019-01-18,17,4,3418,2840,19.6,0.0,0
2019-01-18,18,4,3703,3023,19.1,0.0,0
2019-01-18,19,4,2302,2335,18.8,0.0,0
2019-01-18,20,4,1994,1461,18.6,0.0,0
2019-01-18,21,4,2216,1422,18.4,0.0,0
2019-01-21,6,0,293,300,14.5,0.2,1
2019-01-21,7,0,913,1411,14.4,0.3,1
2019-01-21,8,0,1892,2867,14.5,0.4,1
2019-01-21,9,0,1385,1865,14.8,0.2,1
2019-01-21,10,0,850,1420,15.6,0.0,0
2019-01-21,17,0,3157,2446,15.3,0.0,0
2019-01-21,18,0,3273,2831,15.2,0.0,0
2019-01-21,19,0,2250,1965,15.5,0.0,0
2019-01-21,20,0,1735,1289,15.5,0.0,0
2019-01-21,21,0,1916,1086,15.5,0.0,0
2019-01-22,6,1,286,302,14.6,0.0,0
2019-01-22,7,1,916,1389,14.6,0.0,0
2019-01-22,8,1,1893,2786,15.0,0.0,0
2019-01-22,9,1,1274,1737,14.9,0.0,0
2019-01-22,10,1,854,1473,14.8,0.0,0
2019-01-22,17,1,3171,2327,14.7,0.0,0
2019-01-22,18,1,3565,2917,14.8,0.0,0
2019-01-22,19,1,2268,1969,14.8,0.0,0
2019-01-22,20,1,1758,1210,14.3,0.0,0
2019-01-22,21,1,2105,1152,13.6,0.0,0
2019-01-23,6,2,277,391,14.4,0.0,0
2019-01-23,7,2,934,1707,14.9,0.0,0
2019-01-23,8,2,1937,2904,15.4,0.0,0
2019-01-23,9,2,1332,1781,16.8,0.0,0
2019-01-23,10,2,979,1362,17.9,0.0,0
2019-01-23,17,2,3301,2276,17.2,0.0,0
2019-01-23,18,2,3625,2756,17.0,0.0,0
2019-01-23,19,2,2392,2072,17.0,0.0,0
2019-01-23,20,2,1807,1187,16.9,0.0,0
2019-01-23,21,2,1872,1301,16.8,0.0,0
2019-01-24,6,3,272,363,16.6,0.0,0
2019-01-24,7,3,890,1541,16.6,0.0,0
2019-01-24,8,3,1912,2642,16.7,0.0,0
2019-01-24,9,3,1331,1828,18.0,0.0,0
2019-01-24,10,3,906,1491,18.7,0.0,0
2019-01-24,17,3,2968,2459,18.4,0.0,0
2019-01-24,18,3,3441,2854,17.9,0.0,0
2019-01-24,19,3,2246,1985,17.5,0.0,0
2019-01-24,20,3,1781,1209,17.3,0.0,0
2019-01-24,21,3,1929,1184,17.2,0.0,0
2019-01-25,6,4,263,264,15.7,0.0,0
2019-01-25,7,4,894,1235,16.6,0.0,0
2019-01-25,8,4,1883,2271,17.8,0.0,0
2019-01-25,9,4,1305,1498,19.4,0.0,0
2019-01-25,10,4,987,1347,20.7,0.0,0
2019-01-25,17,4,2982,2809,19.4,0.0,0
2019-01-25,18,4,3629,3121,19.0,0.0,0
2019-01-25,19,4,2290,2418,18.7,0.0,0
2019-01-25,20,4,1870,1370,18.5,0.0,0
2019-01-25,21,4,2269,1378,18.3,0.0,0
2019-01-28,6,0,275,252,13.1,0.0,0
2019-01-28,7,0,837,1376,13.3,0.0,0
2019-01-28,8,0,1750,2548,14.4,0.0,0
2019-01-28,9,0,1319,1797,17.1,0.0,0
2019-01-28,10,0,986,1447,20.2,0.0,0
2019-01-28,17,0,2865,2280,19.4,0.0,0
2019-01-28,18,0,3422,2800,19.0,0.0,0
2019-01-28,19,0,2271,2073,18.8,0.0,0
2019-01-28,20,0,1923,1339,18.4,0.0,0
2019-01-28,21,0,1934,1053,18.1,0.0,0
2019-01-29,6,1,241,277,17.5,0.0,0
2019-01-29,7,1,839,1283,17.3,0.0,0
2019-01-29,8,1,1735,2608,18.0,0.0,0
2019-01-29,9,1,1323,1698,19.6,0.0,0
2019-01-29,10,1,908,1382,20.2,0.0,0
2019-01-29,17,1,3080,2351,21.2,0.0,0
2019-01-29,18,1,3361,2887,20.7,0.0,0
2019-01-29,19,1,2181,2070,20.3,0.0,0
2019-01-29,20,1,1813,1247,20.3,0.0,0
2019-01-29,21,1,1912,1196,20.4,0.0,0
2019-01-30,6,2,232,245,16.9,0.0,0
2019-01-30,7,2,864,1259,16.9,0.0,0
2019-01-30,8,2,1803,2433,17.9,0.0,0
2019-01-30,9,2,1174,1702,20.2,0.0,0
2019-01-30,10,2,950,1466,22.2,0.0,0
2019-01-30,17,2,2965,2233,21.5,0.0,0
2019-01-30,18,2,3276,2662,20.9,0.0,0
2019-01-30,19,2,2180,2078,21.1,0.0,0
2019-01-30,20,2,1723,1187,21.2,0.0,0
2019-01-30,21,2,1791,1234,21.3,0.0,0
2019-01-31,6,3,267,231,17.4,0.0,0
2019-01-31,7,3,819,1101,17.5,0.0,0
2019-01-31,8,3,1795,2199,18.7,0.0,0
2019-01-31,9,3,1224,1452,20.5,0.0,0
2019-01-31,10,3,931,1369,21.7,0.0,0
2019-01-31,17,3,2975,2231,22.0,0.0,0
2019-01-31,18,3,3154,2720,18.6,0.0,0
2019-01-31,19,3,2223,1965,18.0,0.0,0
2019-01-31,20,3,1805,1271,17.4,0.0,0
2019-01-31,21,3,1833,1068,16.7,0.0,0
2019-02-01,6,4,273,234,14.0,0.0,0
2019-02-01,7,4,753,881,14.0,0.0,0
2019-02-01,8,4,1619,1528,14.3,0.0,0
2019-02-01,9,4,1209,1188,14.7,0.0,0
2019-02-01,10,4,975,1171,14.9,0.0,0
2019-02-01,17,4,2617,2553,15.1,0.0,0
2019-02-01,18,4,2862,2599,15.4,0.0,0
2019-02-01,19,4,1927,1943,15.5,0.0,0
2019-02-01,20,4,1578,1175,15.5,0.0,0
2019-02-01,21,4,1842,1027,15.9,0.0,0
2019-02-04,6,0,108,73,17.7,0.0,0
2019-02-04,7,0,184,101,17.2,0.0,0
2019-02-04,8,0,229,165,17.2,0.0,0
2019-02-04,9,0,303,268,17.5,0.0,0
2019-02-04,10,0,386,459,18.1,0.0,0
2019-02-04,17,0,766,604,17.2,0.0,0
2019-02-04,18,0,516,503,17.1,0.0,0
2019-02-04,19,0,409,340,17.0,0.0,0
2019-02-04,20,0,283,347,17.1,0.0,0
2019-02-04,21,0,485,368,17.2,0.0,0
2019-02-05,6,1,101,66,17.5,0.0,0
2019-02-05,7,1,154,86,17.3,0.0,0
2019-02-05,8,1,263,176,16.9,0.1,1
2019-02-05,9,1,365,348,17.8,0.0,0
2019-02-05,10,1,585,493,19.7,0.0,0
2019-02-05,17,1,1247,1310,18.3,0.0,0
2019-02-05,18,1,1138,1175,17.7,0.0,0
2019-02-05,19,1,877,931,17.7,0.0,0
2019-02-05,20,1,740,698,17.8,0.0,0
2019-02-05,21,1,586,582,17.9,0.0,0
2019-02-06,6,2,139,81,17.8,0.0,0
2019-02-06,7,2,197,93,17.2,0.0,0
2019-02-06,8,2,272,203,18.0,0.0,0
2019-02-06,9,2,483,416,20.2,0.0,0
2019-02-06,10,2,683,641,21.9,0.0,0
2019-02-06,17,2,1377,1375,24.4,0.0,0
2019-02-06,18,2,1257,1381,22.6,0.0,0
2019-02-06,19,2,1059,1079,21.9,0.0,0
2019-02-06,20,2,809,956,21.1,0.0,0
2019-02-06,21,2,869,767,20.7,0.0,0
2019-02-07,6,3,134,62,18.9,0.0,0
2019-02-07,7,3,260,94,19.2,0.0,0
2019-02-07,8,3,318,278,19.6,0.0,0
2019-02-07,9,3,490,518,21.5,0.0,0
2019-02-07,10,3,774,782,24.3,0.0,0
2019-02-07,17,3,1919,1837,25.5,0.0,0
2019-02-07,18,3,1809,1774,24.2,0.0,0
2019-02-07,19,3,1528,1410,19.7,0.0,0
2019-02-07,20,3,1332,1121,18.9,0.0,0
2019-02-07,21,3,1108,928,17.9,0.0,0
2019-02-08,6,4,136,95,16.7,0.0,0
2019-02-08,7,4,241,138,16.9,0.0,0
2019-02-08,8,4,339,276,16.8,0.0,0
2019-02-08,9,4,508,585,16.9,0.0,0
2019-02-08,10,4,769,877,16.9,0.0,0
2019-02-08,17,4,1866,1925,16.7,0.0,0
2019-02-08,18,4,1809,1858,16.6,0.0,0
2019-02-08,19,4,1487,1312,16.7,0.0,0
2019-02-08,20,4,1274,1178,16.4,0.0,0
2019-02-08,21,4,1272,986,16.5,0.0,0
2019-02-11,6,0,302,303,15.7,0.0,0
2019-02-11,7,0,960,1153,15.6,0.0,0
2019-02-11,8,0,1609,1714,16.1,0.0,0
2019-02-11,9,0,1016,1320,17.2,0.0,0
2019-02-11,10,0,715,1202,17.3,0.0,0
2019-02-11,17,0,2218,2190,16.5,0.0,0
2019-02-11,18,0,2659,2595,15.9,0.0,0
2019-02-11,19,0,1936,1981,15.8,0.0,0
2019-02-11,20,0,1482,1215,15.9,0.0,0
2019-02-11,21,0,1445,976,16.5,0.0,0
2019-02-12,6,1,295,560,17.4,0.0,0
2019-02-12,7,1,997,2012,17.5,0.0,0
2019-02-12,8,1,1726,2153,18.1,0.0,0
2019-02-12,9,1,1157,1436,20.3,0.0,0
2019-02-12,10,1,802,1238,21.5,0.0,0
2019-02-12,17,1,2468,2095,23.7,0.0,0
2019-02-12,18,1,2984,2531,22.6,0.0,0
2019-02-12,19,1,2174,2134,22.2,0.0,0
2019-02-12,20,1,1705,1190,21.2,0.0,0
2019-02-12,21,1,1548,1068,20.7,0.0,0
2019-02-13,6,2,297,325,18.5,0.0,0
2019-02-13,7,2,1030,1369,18.6,0.0,0
2019-02-13,8,2,1699,2112,18.1,0.0,0
2019-02-13,9,2,1121,1433,18.7,0.0,0
2019-02-13,10,2,885,1262,18.4,0.0,0
2019-02-13,17,2,2490,2301,18.4,0.0,0
2019-02-13,18,2,3072,2617,18.3,0.0,0
2019-02-13,19,2,2136,2115,18.2,0.0,0
2019-02-13,20,2,1658,1273,18.3,0.0,0
2019-02-13,21,2,1579,1203,18.2,0.0,0
2019-02-14,6,3,308,317,19.1,0.0,0
2019-02-14,7,3,1042,1408,18.9,0.0,0
2019-02-14,8,3,1766,2212,18.5,0.0,0
2019-02-14,9,3,1267,1427,19.2,0.0,0
2019-02-14,10,3,836,1228,20.0,0.0,0
2019-02-14,17,3,2791,2392,19.0,0.0,0
2019-02-14,18,3,3416,2748,18.8,0.0,0
2019-02-14,19,3,2221,2328,18.4,0.0,0
2019-02-14,20,3,1670,1430,18.3,0.0,0
2019-02-14,21,3,1822,1383,18.4,0.0,0
2019-02-15,6,4,298,295,18.6,0.0,0
2019-02-15,7,4,1053,1454,19.0,0.0,0
2019-02-15,8,4,1763,2347,18.9,0.0,0
2019-02-15,9,4,1229,1611,20.2,0.0,0
2019-02-15,10,4,885,1362,21.3,0.0,0
2019-02-15,17,4,3010,2847,23.0,0.0,0
2019-02-15,18,4,3545,3468,21.5,0.0,0
2019-02-15,19,4,2511,2671,21.2,0.0,0
2019-02-15,20,4,2031,1709,20.6,0.0,0
2019-02-15,21,4,2271,1575,19.8,0.0,0
2019-02-18,6,0,326,346,18.4,0.0,0
2019-02-18,7,0,1071,1699,18.9,0.0,0
2019-02-18,8,0,1807,3330,19.8,0.0,0
2019-02-18,9,0,1183,2266,20.8,0.0,0
2019-02-18,10,0,816,1732,21.5,0.0,0
2019-02-18,17,0,3051,2254,22.2,0.0,0
2019-02-18,18,0,3876,2600,21.2,0.0,0
2019-02-18,19,0,2607,2084,20.8,0.0,0
2019-02-18,20,0,2031,1305,20.5,0.0,0
2019-02-18,21,0,2026,1245,20.1,0.0,0
2019-02-19,6,1,318,338,17.1,0.0,0
2019-02-19,7,1,1118,1783,17.5,0.0,0
2019-02-19,8,1,1833,3352,18.5,0.0,0
2019-02-19,9,1,1218,2233,19.7,0.0,0
2019-02-19,10,1,838,1641,22.1,0.0,0
2019-02-19,17,1,3116,2417,23.5,0.0,0
2019-02-19,18,1,4040,2853,21.8,0.0,0
2019-02-19,19,1,2605,2171,20.8,0.0,0
2019-02-19,20,1,2093,1390,20.4,0.0,0
2019-02-19,21,1,2007,1382,20.3,0.0,0
2019-02-20,6,2,323,329,19.9,0.0,0
2019-02-20,7,2,1080,1766,20.2,0.0,0
2019-02-20,8,2,1908,3301,20.9,0.0,0
2019-02-20,9,2,1222,2286,23.2,0.0,0
2019-02-20,10,2,872,1692,25.2,0.0,0
2019-02-20,17,2,3299,2344,23.8,0.0,0
2019-02-20,18,2,3813,2815,23.4,0.0,0
2019-02-20,19,2,2520,2212,23.3,0.0,0
2019-02-20,20,2,1883,1290,22.7,0.0,0
2019-02-20,21,2,2096,1416,22.6,0.0,0
2019-02-21,6,3,316,314,20.0,0.0,0
2019-02-21,7,3,1121,1859,19.8,0.0,0
2019-02-21,8,3,1825,3214,20.3,0.0,0
2019-02-21,9,3,1206,2218,20.9,0.0,0
2019-02-21,10,3,862,1776,21.7,0.0,0
2019-02-21,17,3,3112,2458,22.5,0.0,0
2019-02-21,18,3,4044,2881,22.4,0.0,0
2019-02-21,19,3,2674,2025,21.2,0.0,0
2019-02-21,20,3,1938,1266,20.8,0.3,1
2019-02-21,21,3,2231,1256,20.5,0.0,0
2019-02-22,6,4,321,346,18.1,1.4,1
2019-02-22,7,4,1099,1737,18.4,0.4,1
2019-02-22,8,4,1945,3227,18.6,0.4,1
2019-02-22,9,4,1293,2245,18.9,0.1,1
2019-02-22,10,4,934,1846,18.7,0.0,0
2019-02-22,17,4,3159,2777,17.2,0.0,0
2019-02-22,18,4,4214,3319,16.9,0.1,1
2019-02-22,19,4,2823,2488,16.8,0.0,0
2019-02-22,20,4,2100,1524,16.5,0.0,0
2019-02-22,21,4,2353,1545,16.2,0.0,0
2019-02-25,6,0,318,323,16.0,0.0,0
2019-02-25,7,0,1056,1553,16.2,0.0,0
2019-02-25,8,0,1859,3010,16.6,0.0,0
2019-02-25,9,0,1245,2467,16.8,0.2,1
2019-02-25,10,0,842,1866,17.3,0.0,0
2019-02-25,17,0,2795,2264,18.2,0.0,0
2019-02-25,18,0,3807,2785,18.1,0.0,0
2019-02-25,19,0,2362,1976,18.0,0.0,0
2019-02-25,20,0,1945,1342,17.3,0.0,0
2019-02-25,21,0,2200,1121,16.9,0.0,0
2019-02-26,6,1,336,315,17.1,0.0,0
2019-02-26,7,1,1125,1669,17.3,0.0,0
2019-02-26,8,1,1827,3205,17.5,0.0,0
2019-02-26,9,1,1266,2219,17.8,0.0,0
2019-02-26,10,1,853,1701,18.3,0.0,0
2019-02-26,17,1,2886,2532,18.6,0.0,0
2019-02-26,18,1,4027,3306,18.4,0.0,0
2019-02-26,19,1,2455,2377,18.3,0.0,0
2019-02-26,20,1,1851,1292,18.4,0.0,0
2019-02-26,21,1,2306,1207,18.6,0.0,0
2019-02-27,6,2,318,325,17.4,0.0,0
2019-02-27,7,2,1257,1802,17.8,0.0,0
2019-02-27,8,2,1857,3089,18.3,0.0,0
2019-02-27,9,2,1284,2273,19.0,0.0,0
2019-02-27,10,2,999,1855,19.6,0.0,0
2019-02-27,17,2,3503,2385,23.9,0.0,0
2019-02-27,18,2,4373,3056,23.3,0.0,0
2019-02-27,19,2,2949,2342,22.7,0.0,0
2019-02-27,20,2,2121,1487,21.9,0.0,0
2019-02-27,21,2,2539,1428,21.8,0.0,0
2019-02-28,6,3,299,138,19.4,0.0,0
2019-02-28,7,3,571,449,19.2,0.0,0
2019-02-28,8,3,831,708,19.3,0.0,0
2019-02-28,9,3,941,1074,20.7,0.0,0
2019-02-28,10,3,1256,1235,19.9,0.0,0
2019-02-28,17,3,2680,2353,17.8,0.0,0
2019-02-28,18,3,2717,2507,17.9,0.0,0
2019-02-28,19,3,2236,1997,17.8,0.0,0
2019-02-28,20,3,2084,1631,17.7,0.0,0
2019-02-28,21,3,2013,1393,17.5,0.0,0
2019-03-01,6,4,211,153,18.2,0.0,0
2019-03-01,7,4,453,336,18.5,0.0,0
2019-03-01,8,4,742,539,18.7,0.0,0
2019-03-01,9,4,924,920,19.0,0.0,0
2019-03-01,10,4,1135,1141,20.4,0.0,0
2019-03-01,17,4,2697,2734,19.9,0.0,0
2019-03-01,18,4,2663,2516,19.6,0.0,0
2019-03-01,19,4,2127,1909,19.4,0.0,0
2019-03-01,20,4,1789,1519,19.4,0.0,0
2019-03-01,21,4,1777,1354,19.5,0.0,0
2019-03-04,6,0,317,356,17.7,0.0,0
2019-03-04,7,0,1086,1673,17.9,0.0,0
2019-03-04,8,0,1933,3229,18.4,0.0,0
2019-03-04,9,0,1201,2444,19.0,0.0,0
2019-03-04,10,0,843,1870,19.0,0.0,0
2019-03-04,17,0,2769,2073,18.2,0.0,0
2019-03-04,18,0,3581,2798,17.6,0.0,0
2019-03-04,19,0,2325,1983,17.3,0.0,0
2019-03-04,20,0,1833,1239,17.1,0.0,0
2019-03-04,21,0,2052,1086,17.1,0.0,0
2019-03-05,6,1,326,355,17.4,0.0,0
2019-03-05,7,1,1170,1789,18.0,0.0,0
2019-03-05,8,1,1882,3267,19.1,0.0,0
2019-03-05,9,1,1270,2268,20.4,0.0,0
2019-03-05,10,1,877,1688,22.3,0.0,0
2019-03-05,17,1,3120,2368,21.2,0.0,0
2019-03-05,18,1,3793,2831,18.1,0.0,0
2019-03-05,19,1,2639,2051,17.1,0.0,0
2019-03-05,20,1,1914,1292,16.7,0.1,1
2019-03-05,21,1,2168,1100,17.0,0.2,1
2019-03-06,6,2,318,333,18.0,0.0,0
2019-03-06,7,2,1131,1750,18.1,0.5,1
2019-03-06,8,2,1933,3174,19.1,0.0,0
2019-03-06,9,2,1271,2352,20.0,0.0,0
2019-03-06,10,2,837,1727,20.8,0.5,1
2019-03-06,17,2,2973,2290,17.6,0.0,0
2019-03-06,18,2,4026,3017,16.3,2.0,1
2019-03-06,19,2,2581,2089,16.0,1.0,1
2019-03-06,20,2,1891,1197,15.6,2.0,1
2019-03-06,21,2,2222,1242,15.6,1.0,1
2019-03-07,6,3,296,294,14.4,0.2,1
2019-03-07,7,3,1174,1813,13.8,0.9,1
2019-03-07,8,3,1987,3220,13.6,1.8,1
2019-03-07,9,3,1375,2564,14.0,1.7,1
2019-03-07,10,3,808,1918,14.1,2.9,2
2019-03-07,17,3,3093,2462,12.8,1.9,1
2019-03-07,18,3,4190,2989,12.5,2.2,1
2019-03-07,19,3,2622,2282,12.3,1.2,1
2019-03-07,20,3,1968,1244,12.6,0.5,1
2019-03-07,21,3,2565,1269,12.2,0.9,1
2019-03-08,6,4,284,303,13.0,0.3,1
2019-03-08,7,4,1070,1720,13.4,0.3,1
2019-03-08,8,4,1897,3071,13.7,0.4,1
2019-03-08,9,4,1438,2683,14.2,0.6,1
2019-03-08,10,4,986,1855,14.5,2.5,1
2019-03-08,17,4,3487,2646,16.4,0.0,0
2019-03-08,18,4,4435,3532,16.7,0.0,0
2019-03-08,19,4,2979,2887,17.0,0.0,0
2019-03-08,20,4,2244,1620,17.2,0.0,0
2019-03-08,21,4,2677,1613,17.9,0.3,1
2019-03-11,6,0,299,312,16.2,0.0,0
2019-03-11,7,0,1090,1627,16.2,0.0,0
2019-03-11,8,0,1849,3069,16.5,0.0,0
2019-03-11,9,0,1247,2425,16.9,0.0,0
2019-03-11,10,0,813,1895,17.1,0.0,0
2019-03-11,17,0,2729,2206,17.7,0.0,0
2019-03-11,18,0,3812,2850,17.7,0.0,0
2019-03-11,19,0,2266,2181,17.3,0.0,0
2019-03-11,20,0,1892,1297,17.2,0.0,0
2019-03-11,21,0,2100,1147,16.8,0.0,0
2019-03-12,6,1,320,341,13.9,0.0,0
2019-03-12,7,1,1147,1732,14.6,0.0,0
2019-03-12,8,1,1851,3116,18.2,0.0,0
2019-03-12,9,1,1268,2242,21.3,0.0,0
2019-03-12,10,1,882,1762,23.1,0.0,0
2019-03-12,17,1,2867,2347,23.4,0.0,0
2019-03-12,18,1,3745,2986,21.8,0.0,0
2019-03-12,19,1,2586,2459,21.1,0.0,0
2019-03-12,20,1,1943,1290,20.8,0.0,0
2019-03-12,21,1,2218,1242,20.4,0.0,0
2019-03-13,6,2,321,318,17.7,0.0,0
2019-03-13,7,2,1139,1662,20.2,0.0,0
2019-03-13,8,2,1859,3195,21.0,0.0,0
2019-03-13,9,2,1227,2252,22.7,0.0,0
2019-03-13,10,2,798,1834,24.3,0.0,0
2019-03-13,17,2,2904,2332,21.4,0.0,0
2019-03-13,18,2,3822,2995,21.0,0.0,0
2019-03-13,19,2,2575,2197,20.5,0.0,0
2019-03-13,20,2,1924,1376,20.2,0.0,0
2019-03-13,21,2,2324,1212,20.0,0.0,0
2019-03-14,6,3,317,313,20.2,0.0,0
2019-03-14,7,3,1131,1782,20.4,0.0,0
2019-03-14,8,3,1886,3093,22.0,0.0,0
2019-03-14,9,3,1267,2205,22.8,0.0,0
2019-03-14,10,3,782,1845,24.2,0.0,0
2019-03-14,17,3,3031,2413,20.2,0.0,0
2019-03-14,18,3,4045,3160,19.2,0.0,0
2019-03-14,19,3,2645,2278,19.7,0.0,0
2019-03-14,20,3,1969,1306,19.5,0.0,0
2019-03-14,21,3,2306,1245,19.6,0.0,0
2019-03-15,6,4,325,329,15.4,0.5,1
2019-03-15,7,4,1164,1716,15.8,0.0,0
2019-03-15,8,4,1810,3196,16.7,0.0,0
2019-03-15,9,4,1310,2446,17.1,0.0,0
2019-03-15,10,4,911,1907,17.4,0.0,0
2019-03-15,17,4,3850,2644,17.8,0.0,0
2019-03-15,18,4,4397,3337,17.7,0.0,0
2019-03-15,19,4,3147,2809,17.5,0.0,0
2019-03-15,20,4,2281,1554,17.3,0.0,0
2019-03-15,21,4,2542,1577,17.2,0.0,0
2019-03-18,6,0,328,336,18.9,0.0,0
2019-03-18,7,0,1090,1686,19.5,0.0,0
2019-03-18,8,0,1860,3087,19.8,0.0,0
2019-03-18,9,0,1142,2439,20.5,0.0,0
2019-03-18,10,0,839,1892,22.5,0.0,0
2019-03-18,17,0,2843,2150,22.5,0.0,0
2019-03-18,18,0,3552,2811,22.0,0.0,0
2019-03-18,19,0,2408,1959,22.1,0.0,0
2019-03-18,20,0,1859,1141,21.0,0.0,0
2019-03-18,21,0,2020,1145,21.0,0.0,0
2019-03-19,6,1,311,317,19.5,0.0,0
2019-03-19,7,1,1115,1762,19.7,0.0,0
2019-03-19,8,1,1888,3178,20.4,0.0,0
2019-03-19,9,1,1244,2409,21.0,0.0,0
2019-03-19,10,1,866,1826,22.1,0.0,0
2019-03-19,17,1,3036,2327,21.9,0.0,0
2019-03-19,18,1,3711,2877,21.3,0.0,0
2019-03-19,19,1,2377,2076,21.1,0.0,0
2019-03-19,20,1,1839,1241,21.1,0.0,0
2019-03-19,21,1,2231,1165,21.2,0.0,0
2019-03-20,6,2,327,365,20.2,0.0,0
2019-03-20,7,2,1166,1774,21.7,0.0,0
2019-03-20,8,2,1893,3122,23.3,0.0,0
2019-03-20,9,2,1246,2262,24.9,0.0,0
2019-03-20,10,2,864,1699,26.4,0.0,0
2019-03-20,17,2,3029,2312,27.3,0.0,0
2019-03-20,18,2,3754,2952,26.0,0.0,0
2019-03-20,19,2,2370,2051,25.5,0.0,0
2019-03-20,20,2,1900,1190,25.7,0.0,0
2019-03-20,21,2,2312,1218,25.5,0.0,0
2019-03-21,6,3,323,355,22.4,0.0,0
2019-03-21,7,3,1097,1762,22.7,0.0,0
2019-03-21,8,3,1937,3078,24.2,0.0,0
2019-03-21,9,3,1204,2340,26.4,0.0,0
2019-03-21,10,3,866,1878,28.1,0.0,0
2019-03-21,17,3,2952,2361,28.8,0.0,0
2019-03-21,18,3,3934,2991,27.3,0.0,0
2019-03-21,19,3,2547,2125,26.2,0.0,0
2019-03-21,20,3,1884,1273,25.3,0.0,0
2019-03-21,21,3,2349,1220,25.3,0.0,0
2019-03-22,6,4,319,383,21.6,0.0,0
2019-03-22,7,4,1141,1759,21.0,0.0,0
2019-03-22,8,4,1870,3074,21.3,0.0,0
2019-03-22,9,4,1288,2210,21.7,0.0,0
2019-03-22,10,4,920,1887,22.4,0.0,0
2019-03-22,17,4,3779,2717,19.6,0.0,0
2019-03-22,18,4,4045,3403,19.0,0.0,0
2019-03-22,19,4,2968,2879,18.3,0.0,0
2019-03-22,20,4,2271,1573,18.1,0.0,0
2019-03-22,21,4,2663,1498,17.8,0.0,0
2019-03-25,6,0,343,376,17.9,0.0,0
2019-03-25,7,0,1118,1625,18.3,0.0,0
2019-03-25,8,0,1826,3053,18.7,0.3,1
2019-03-25,9,0,1300,2374,18.2,1.5,1
2019-03-25,10,0,850,1875,18.9,1.5,1
2019-03-25,17,0,2758,2162,18.6,0.0,0
2019-03-25,18,0,3594,2750,18.4,0.0,0
2019-03-25,19,0,2248,1785,18.5,0.0,0
2019-03-25,20,0,1670,1126,18.6,0.0,0
2019-03-25,21,0,2049,1064,18.7,0.0,0
2019-03-26,6,1,325,363,18.2,0.0,0
2019-03-26,7,1,1167,1751,18.6,0.0,0
2019-03-26,8,1,1892,3092,19.3,0.0,0
2019-03-26,9,1,1265,2238,20.0,0.0,0
2019-03-26,10,1,858,1692,21.2,0.0,0
2019-03-26,17,1,3159,2325,21.1,0.0,0
2019-03-26,18,1,3769,2999,20.7,0.0,0
2019-03-26,19,1,2488,2184,20.2,0.0,0
2019-03-26,20,1,1983,1248,20.1,0.0,0
2019-03-26,21,1,2191,1228,20.0,0.0,0
2019-03-27,6,2,347,369,19.5,0.0,0
2019-03-27,7,2,1163,1712,20.0,0.0,0
2019-03-27,8,2,1864,3065,21.3,0.0,0
2019-03-27,9,2,1255,2369,22.9,0.0,0
2019-03-27,10,2,862,1735,25.6,0.0,0
2019-03-27,17,2,3125,2392,25.5,0.0,0
2019-03-27,18,2,3745,2900,25.2,0.0,0
2019-03-27,19,2,2466,2113,24.6,0.0,0
2019-03-27,20,2,1904,1298,23.9,0.0,0
2019-03-27,21,2,2254,1150,23.5,0.0,0
2019-03-28,6,3,331,327,21.3,0.0,0
2019-03-28,7,3,1195,1823,21.4,0.0,0
2019-03-28,8,3,1853,3052,23.6,0.0,0
2019-03-28,9,3,1326,2276,26.4,0.0,0
2019-03-28,10,3,828,1766,28.8,0.0,0
2019-03-28,17,3,2940,2380,27.5,0.0,0
2019-03-28,18,3,3987,3036,26.6,0.0,0
2019-03-28,19,3,2537,2286,26.1,0.0,0
2019-03-28,20,3,1917,1241,25.6,0.0,0
2019-03-28,21,3,2343,1297,25.2,0.0,0
2019-03-29,6,4,345,372,22.9,0.0,0
2019-03-29,7,4,1094,1799,23.1,0.0,0
2019-03-29,8,4,1836,2888,24.2,0.0,0
2019-03-29,9,4,1341,2115,24.4,0.0,0
2019-03-29,10,4,983,1811,25.8,0.0,0
2019-03-29,17,4,3404,2718,23.6,0.0,0
2019-03-29,18,4,4232,3204,23.0,0.0,0
2019-03-29,19,4,2790,2657,22.4,0.0,0
2019-03-29,20,4,2255,1563,22.3,0.0,0
2019-03-29,21,4,2488,1506,22.4,0.0,0
2019-04-01,6,0,364,386,15.3,2.0,1
2019-04-01,7,0,1040,1531,15.6,1.0,1
2019-04-01,8,0,1904,2661,16.1,0.3,1
2019-04-01,9,0,1245,2079,16.5,0.0,0
2019-04-01,10,0,842,1654,16.8,0.0,0
2019-04-01,17,0,2893,2189,17.2,0.0,0
2019-04-01,18,0,3736,2626,17.1,0.0,0
2019-04-01,19,0,2471,2047,17.1,0.0,0
2019-04-01,20,0,1843,1196,17.3,0.0,0
2019-04-01,21,0,2109,1069,17.4,0.0,0
2019-04-02,6,1,376,315,18.0,0.0,0
2019-04-02,7,1,1172,1317,18.5,0.0,0
2019-04-02,8,1,2082,1774,18.9,0.0,0
2019-04-02,9,1,1462,1385,19.3,0.0,0
2019-04-02,10,1,976,1119,19.5,0.0,0
2019-04-02,17,1,2263,2121,21.8,0.0,0
2019-04-02,18,1,2724,2547,21.0,0.0,0
2019-04-02,19,1,1841,1988,20.1,0.0,0
2019-04-02,20,1,1584,1152,20.4,0.0,0
2019-04-02,21,1,1643,1062,20.4,0.0,0
2019-04-03,6,2,373,319,18.8,0.0,0
2019-04-03,7,2,1107,1152,19.0,0.0,0
2019-04-03,8,2,1853,1630,19.5,0.0,0
2019-04-03,9,2,1197,1127,20.2,0.0,0
2019-04-03,10,2,1004,992,20.5,0.0,0
2019-04-03,17,2,2340,2050,22.1,0.0,0
2019-04-03,18,2,2635,2586,21.8,0.0,0
2019-04-03,19,2,2057,2169,21.6,0.0,0
2019-04-03,20,2,1747,1381,21.7,0.0,0
2019-04-03,21,2,1735,1210,21.4,0.0,0
2019-04-04,6,3,234,167,21.6,0.0,0
2019-04-04,7,3,506,389,22.3,0.0,0
2019-04-04,8,3,597,491,23.2,0.0,0
2019-04-04,9,3,835,856,24.9,0.0,0
2019-04-04,10,3,988,1015,26.5,0.0,0
2019-04-04,17,3,2298,2162,25.3,0.0,0
2019-04-04,18,3,2367,2053,24.1,0.0,0
2019-04-04,19,3,1835,1545,22.6,0.0,0
2019-04-04,20,3,1847,1245,22.0,0.0,0
2019-04-04,21,3,1557,1014,21.4,0.0,0
2019-04-05,6,4,207,120,20.5,0.0,0
2019-04-05,7,4,317,253,20.7,0.0,0
2019-04-05,8,4,487,398,20.6,0.0,0
2019-04-05,9,4,624,610,20.2,0.0,0
2019-04-05,10,4,712,815,20.9,0.0,0
2019-04-05,17,4,1986,1976,22.3,0.0,0
2019-04-05,18,4,2105,2065,21.3,0.0,0
2019-04-05,19,4,1793,1808,20.8,0.0,0
2019-04-05,20,4,1728,1196,20.6,0.0,0
2019-04-05,21,4,1604,1274,20.4,0.0,0
2019-04-08,6,0,357,346,22.0,0.0,0
2019-04-08,7,0,1064,1577,22.7,0.0,0
2019-04-08,8,0,1797,2984,24.8,0.0,0
2019-04-08,9,0,1226,2439,27.5,0.0,0
2019-04-08,10,0,741,1931,29.4,0.0,0
2019-04-08,17,0,2687,2153,28.9,0.0,0
2019-04-08,18,0,3303,2602,27.9,0.0,0
2019-04-08,19,0,2301,1886,27.2,0.0,0
2019-04-08,20,0,1780,1222,27.0,0.0,0
2019-04-08,21,0,1914,1095,26.8,0.0,0
2019-04-09,6,1,366,332,23.2,0.0,0
2019-04-09,7,1,1123,1734,23.7,0.0,0
2019-04-09,8,1,1945,3197,26.1,0.0,0
2019-04-09,9,1,1171,2149,26.9,0.0,0
2019-04-09,10,1,773,1653,28.7,0.0,0
2019-04-09,17,1,2907,2152,29.4,0.0,0
2019-04-09,18,1,3549,2724,28.2,0.0,0
2019-04-09,19,1,2194,1931,27.9,0.0,0
2019-04-09,20,1,1737,1160,28.0,0.0,0
2019-04-09,21,1,1920,1124,27.9,0.0,0
2019-04-10,6,2,333,371,24.0,0.0,0
2019-04-10,7,2,1134,1768,24.6,0.0,0
2019-04-10,8,2,1890,3130,27.0,0.0,0
2019-04-10,9,2,1222,2065,29.3,0.0,0
2019-04-10,10,2,780,1663,30.8,0.0,0
2019-04-10,17,2,2979,2235,22.5,0.0,0
2019-04-10,18,2,3837,2800,22.1,0.0,0
2019-04-10,19,2,2221,2071,21.3,0.0,0
2019-04-10,20,2,1721,1132,21.1,0.0,0
2019-04-10,21,2,1973,1069,20.9,0.0,0
2019-04-11,6,3,356,328,20.8,0.0,0
2019-04-11,7,3,1107,1903,21.0,0.0,0
2019-04-11,8,3,1895,3085,21.7,0.0,0
2019-04-11,9,3,1204,2189,21.8,0.0,0
2019-04-11,10,3,847,1781,25.5,0.0,0
2019-04-11,17,3,2948,2266,20.1,1.6,1
2019-04-11,18,3,3777,2831,19.8,1.2,1
2019-04-11,19,3,2703,2102,19.0,2.0,1
2019-04-11,20,3,1909,1180,18.6,5.0,2
2019-04-11,21,3,2232,1194,18.7,6.8,2
2019-04-12,6,4,330,329,18.6,0.0,0
2019-04-12,7,4,1108,1834,18.6,0.0,0
2019-04-12,8,4,1945,3093,18.8,0.0,0
2019-04-12,9,4,1337,2194,19.3,0.0,0
2019-04-12,10,4,933,1768,19.5,0.0,0
2019-04-12,17,4,3409,2702,20.3,0.0,0
2019-04-12,18,4,3904,3230,20.3,0.0,0
2019-04-12,19,4,2746,2762,20.1,0.0,0
2019-04-12,20,4,2168,1520,20.1,0.0,0
2019-04-12,21,4,2549,1332,20.2,0.0,0
2019-04-15,6,0,345,313,20.3,0.0,0
2019-04-15,7,0,989,1662,20.6,0.0,0
2019-04-15,8,0,1817,3195,21.2,0.0,0
2019-04-15,9,0,1144,2211,21.0,0.0,0
2019-04-15,10,0,785,1725,21.1,0.0,0
2019-04-15,17,0,2797,2106,18.9,1.1,1
2019-04-15,18,0,3437,2529,19.2,0.1,1
2019-04-15,19,0,2131,1834,19.1,0.1,1
2019-04-15,20,0,1656,1155,19.7,0.0,0
2019-04-15,21,0,1767,981,19.9,0.0,0
2019-04-16,6,1,341,315,18.4,7.3,2
2019-04-16,7,1,1107,1753,18.4,2.6,2
2019-04-16,8,1,2023,3026,19.0,4.0,2
2019-04-16,9,1,1330,2445,19.7,0.0,0
2019-04-16,10,1,883,1564,20.0,0.8,1
2019-04-16,17,1,2858,2181,19.6,0.5,1
2019-04-16,18,1,3698,2609,19.7,0.0,0
2019-04-16,19,1,2338,2054,19.8,0.0,0
2019-04-16,20,1,1650,1173,19.9,0.0,0
2019-04-16,21,1,1849,1048,19.9,0.0,0
2019-04-17,6,2,333,375,19.9,0.0,0
2019-04-17,7,2,1099,1699,20.4,0.0,0
2019-04-17,8,2,1902,3100,21.6,0.0,0
2019-04-17,9,2,1281,2169,23.4,0.0,0
2019-04-17,10,2,848,1631,25.0,0.0,0
2019-04-17,17,2,2859,2151,24.9,0.0,0
2019-04-17,18,2,3576,2767,22.5,0.0,0
2019-04-17,19,2,2395,2156,21.7,0.0,0
2019-04-17,20,2,1798,1248,21.5,0.0,0
2019-04-17,21,2,2097,1099,21.5,0.0,0
2019-04-18,6,3,368,337,20.6,0.0,0
2019-04-18,7,3,1120,1808,21.6,0.0,0
2019-04-18,8,3,1865,3101,24.0,0.0,0
2019-04-18,9,3,1282,2282,26.3,0.0,0
2019-04-18,10,3,857,1820,28.4,0.0,0
2019-04-18,17,3,2963,2307,27.7,0.0,0
2019-04-18,18,3,3773,3066,27.3,0.0,0
2019-04-18,19,3,2379,2174,26.9,0.0,0
2019-04-18,20,3,1893,1252,25.8,0.0,0
2019-04-18,21,3,2205,1229,25.4,0.0,0
2019-04-19,6,4,332,339,22.1,0.8,1
2019-04-19,7,4,1144,1739,22.6,0.1,1
2019-04-19,8,4,1889,3237,24.3,0.0,0
2019-04-19,9,4,1295,2239,25.6,0.0,0
2019-04-19,10,4,894,1702,26.1,0.0,0
2019-04-19,17,4,3783,2761,24.5,1.6,1
2019-04-19,18,4,4268,3239,24.1,2.0,1
2019-04-19,19,4,2914,2691,23.8,2.5,1
2019-04-19,20,4,2054,1482,24.0,0.5,1
2019-04-19,21,4,2399,1432,23.9,0.0,0
2019-04-22,6,0,353,359,23.6,0.0,0
2019-04-22,7,0,1057,1629,24.7,0.0,0
2019-04-22,8,0,1902,2993,26.9,0.0,0
2019-04-22,9,0,1190,2112,29.0,0.0,0
2019-04-22,10,0,819,1889,31.3,0.0,0
2019-04-22,17,0,2845,2055,25.8,2.0,1
2019-04-22,18,0,3528,2681,26.0,0.2,1
2019-04-22,19,0,2348,1860,25.8,1.5,1
2019-04-22,20,0,1805,1141,25.8,4.5,2
2019-04-22,21,0,1839,1029,25.7,0.2,1
2019-04-23,6,1,340,346,24.9,0.0,0
2019-04-23,7,1,1165,1694,25.6,0.0,0
2019-04-23,8,1,1926,3095,26.8,0.0,0
2019-04-23,9,1,1245,2177,29.0,0.0,0
2019-04-23,10,1,862,1671,30.1,0.0,0
2019-04-23,17,1,3019,2046,30.5,0.0,0
2019-04-23,18,1,3622,2812,29.5,0.0,0
2019-04-23,19,1,2349,2077,29.6,0.0,0
2019-04-23,20,1,1741,1170,28.9,0.0,0
2019-04-23,21,1,2068,1232,28.6,0.0,0
2019-04-24,6,2,355,365,25.7,0.0,0
2019-04-24,7,2,1160,1739,26.3,0.0,0
2019-04-24,8,2,1917,3109,27.6,0.0,0
2019-04-24,9,2,1235,2240,29.8,0.0,0
2019-04-24,10,2,882,1671,31.8,0.0,0
2019-04-24,17,2,3084,2286,31.0,0.0,0
2019-04-24,18,2,3660,2889,29.3,0.0,0
2019-04-24,19,2,2370,2092,28.3,0.0,0
2019-04-24,20,2,1877,1314,27.9,0.0,0
2019-04-24,21,2,2155,1192,27.6,0.0,0
2019-04-25,6,3,340,346,26.0,0.0,0
2019-04-25,7,3,1140,1805,26.5,0.0,0
2019-04-25,8,3,1919,3020,27.5,0.0,0
2019-04-25,9,3,1362,2140,29.7,0.0,0
2019-04-25,10,3,794,1790,30.7,0.0,0
2019-04-25,17,3,3038,2383,29.4,0.0,0
2019-04-25,18,3,3870,2909,29.0,0.0,0
2019-04-25,19,3,2501,2296,28.8,0.0,0
2019-04-25,20,3,1902,1262,27.9,0.0,0
2019-04-25,21,3,2302,1362,27.7,0.0,0
2019-04-26,6,4,331,412,24.9,0.0,0
2019-04-26,7,4,1173,1751,25.0,0.0,0
2019-04-26,8,4,1866,2827,26.4,0.0,0
2019-04-26,9,4,1280,2115,27.8,0.0,0
2019-04-26,10,4,909,1682,27.3,0.0,0
2019-04-26,17,4,3567,2712,26.7,0.0,0
2019-04-26,18,4,4178,3158,26.0,0.0,0
2019-04-26,19,4,2814,2752,25.5,0.0,0
2019-04-26,20,4,2349,1606,25.7,0.0,0
2019-04-26,21,4,2485,1478,25.4,0.0,0
2019-04-29,6,0,355,360,23.6,0.0,0
2019-04-29,7,0,1052,1626,24.4,0.0,0
2019-04-29,8,0,1847,3020,26.0,0.0,0
2019-04-29,9,0,1176,2315,27.7,0.0,0
2019-04-29,10,0,905,1733,30.0,0.0,0
2019-04-29,17,0,2953,2253,29.1,0.0,0
2019-04-29,18,0,3528,2662,28.9,0.0,0
2019-04-29,19,0,2202,1912,28.1,0.0,0
2019-04-29,20,0,1763,1284,27.6,0.0,0
2019-04-29,21,0,2091,1138,27.6,0.0,0
2019-04-30,6,1,363,350,24.7,0.0,0
2019-04-30,7,1,1080,1720,25.5,0.0,0
2019-04-30,8,1,1920,3012,27.1,0.0,0
2019-04-30,9,1,1269,2122,29.7,0.0,0
2019-04-30,10,1,922,1662,31.5,0.0,0
2019-04-30,17,1,3084,2280,29.2,0.0,0
2019-04-30,18,1,3632,3115,28.8,0.0,0
2019-04-30,19,1,2332,2129,28.3,0.0,0
2019-04-30,20,1,1896,1346,27.2,0.0,0
2019-04-30,21,1,2201,1317,27.0,0.0,0
2019-05-01,6,2,292,251,23.5,7.5,2
2019-05-01,7,2,784,1116,21.6,7.0,2
2019-05-01,8,2,938,2077,20.8,5.0,2
2019-05-01,9,2,797,1903,20.4,1.3,1
2019-05-01,10,2,772,1820,20.6,2.0,1
2019-05-01,17,2,2872,2530,21.0,0.0,0
2019-05-01,18,2,3286,2194,20.1,1.0,1
2019-05-01,19,2,2143,1487,20.6,0.1,1
2019-05-01,20,2,1944,1179,20.7,0.0,0
2019-05-01,21,2,2056,1115,20.8,0.0,0
2019-05-02,6,3,325,351,21.7,0.0,0
2019-05-02,7,3,1089,1699,21.8,0.0,0
2019-05-02,8,3,1949,2906,21.8,0.0,0
2019-05-02,9,3,1247,2274,20.4,0.0,0
2019-05-02,10,3,956,1978,19.1,1.5,1
2019-05-02,17,3,3114,2306,19.2,0.5,1
2019-05-02,18,3,3984,2839,19.1,1.5,1
2019-05-02,19,3,2658,2197,18.7,2.5,1
2019-05-02,20,3,1874,1219,18.5,1.5,1
2019-05-02,21,3,2264,1235,18.5,0.5,1
2019-05-03,6,4,326,424,19.0,0.0,0
2019-05-03,7,4,1062,1724,19.7,0.0,0
2019-05-03,8,4,1891,2851,20.5,0.0,0
2019-05-03,9,4,1334,2180,21.2,0.0,0
2019-05-03,10,4,973,1911,23.6,0.0,0
2019-05-03,17,4,3701,2839,23.8,0.0,0
2019-05-03,18,4,4160,3511,23.4,0.0,0
2019-05-03,19,4,2906,2860,22.9,0.0,0
2019-05-03,20,4,2364,1698,22.6,0.0,0
2019-05-03,21,4,2719,1489,22.5,0.0,0
2019-05-06,6,0,312,360,21.7,0.0,0
2019-05-06,7,0,1102,1529,22.2,0.0,0
2019-05-06,8,0,1880,2863,22.3,0.0,0
2019-05-06,9,0,1193,2346,22.6,0.2,1
2019-05-06,10,0,795,1874,22.6,0.0,0
2019-05-06,17,0,2690,2222,20.2,1.6,1
2019-05-06,18,0,3495,2911,20.1,0.8,1
2019-05-06,19,0,2363,1899,20.0,0.3,1
2019-05-06,20,0,1919,1207,19.6,0.7,1
2019-05-06,21,0,2261,1157,19.6,1.0,1
2019-05-07,6,1,307,329,18.1,0.2,1
2019-05-07,7,1,1129,1721,18.0,0.0,0
2019-05-07,8,1,1969,2850,17.9,1.0,1
2019-05-07,9,1,1340,2356,18.8,0.0,0
2019-05-07,10,1,874,1758,18.6,0.0,0
2019-05-07,17,1,2868,2210,19.4,0.0,0
2019-05-07,18,1,3507,2840,19.6,0.0,0
2019-05-07,19,1,2337,1960,19.3,0.0,0
2019-05-07,20,1,1849,1211,19.9,0.0,0
2019-05-07,21,1,2154,1107,20.1,0.0,0
2019-05-08,6,2,321,338,20.1,0.0,0
2019-05-08,7,2,1085,1696,19.7,0.5,1
2019-05-08,8,2,1919,3037,20.3,0.0,0
2019-05-08,9,2,1277,2383,20.6,0.0,0
2019-05-08,10,2,790,1701,21.0,0.0,0
2019-05-08,17,2,2886,2329,22.9,0.0,0
2019-05-08,18,2,3743,2876,22.7,0.0,0
2019-05-08,19,2,2425,2077,22.1,0.0,0
2019-05-08,20,2,1748,1105,22.1,0.0,0
2019-05-08,21,2,2187,1177,21.9,0.0,0
2019-05-09,6,3,332,307,21.1,0.5,1
2019-05-09,7,3,1108,1744,21.3,0.5,1
2019-05-09,8,3,1907,3013,21.4,0.0,0
2019-05-09,9,3,1248,2128,21.7,0.0,0
2019-05-09,10,3,804,1793,21.9,0.0,0
2019-05-09,17,3,3095,2363,21.0,1.5,1
2019-05-09,18,3,3861,3013,20.4,2.5,1
2019-05-09,19,3,2506,2168,20.4,1.5,1
2019-05-09,20,3,1926,1328,20.3,0.0,0
2019-05-09,21,3,2409,1302,20.1,1.5,1
2019-05-10,6,4,315,366,20.7,0.0,0
2019-05-10,7,4,1072,1710,20.5,0.0,0
2019-05-10,8,4,1947,2874,21.0,0.0,0
2019-05-10,9,4,1307,2139,22.4,0.0,0
2019-05-10,10,4,943,1695,22.5,0.0,0
2019-05-10,17,4,3558,2785,23.8,0.0,0
2019-05-10,18,4,4170,3267,23.3,0.0,0
2019-05-10,19,4,2942,2725,23.0,0.0,0
2019-05-10,20,4,2199,1436,22.9,0.0,0
2019-05-10,21,4,2425,1471,22.8,0.0,0
2019-05-13,6,0,335,360,25.1,0.0,0
2019-05-13,7,0,1025,1641,26.2,0.0,0
2019-05-13,8,0,1855,2904,28.0,0.0,0
2019-05-13,9,0,1236,2388,29.5,0.0,0
2019-05-13,10,0,799,2045,31.6,0.0,0
2019-05-13,17,0,2719,2179,30.1,0.0,0
2019-05-13,18,0,3413,2885,29.1,0.0,0
2019-05-13,19,0,2295,1922,28.3,0.0,0
2019-05-13,20,0,1854,1119,27.9,0.0,0
2019-05-13,21,0,2038,1087,27.9,0.0,0
2019-05-14,6,1,301,352,25.4,0.0,0
2019-05-14,7,1,1106,1745,25.8,0.0,0
2019-05-14,8,1,1949,3110,27.9,0.0,0
2019-05-14,9,1,1307,2201,30.1,0.0,0
2019-05-14,10,1,908,1634,29.3,0.0,0
2019-05-14,17,1,2813,2269,28.9,0.0,0
2019-05-14,18,1,3626,2900,28.2,0.0,0
2019-05-14,19,1,2357,1911,26.7,0.0,0
2019-05-14,20,1,1814,1257,26.0,0.0,0
2019-05-14,21,1,2112,1110,25.6,0.0,0
2019-05-15,6,2,319,371,25.4,0.0,0
2019-05-15,7,2,1089,1705,25.7,0.0,0
2019-05-15,8,2,2028,2989,26.2,0.0,0
2019-05-15,9,2,1241,2103,27.7,0.0,0
2019-05-15,10,2,890,1659,28.1,0.0,0
2019-05-15,17,2,2900,2455,27.6,0.0,0
2019-05-15,18,2,3416,2979,26.9,0.0,0
2019-05-15,19,2,2343,2024,27.2,0.0,0
2019-05-15,20,2,1837,1163,27.1,0.0,0
2019-05-15,21,2,2189,1133,27.5,0.0,0
2019-05-16,6,3,341,347,26.2,0.0,0
2019-05-16,7,3,1076,1778,26.8,0.0,0
2019-05-16,8,3,1921,2853,28.1,0.0,0
2019-05-16,9,3,1270,2155,29.6,0.0,0
2019-05-16,10,3,802,1731,30.9,0.0,0
2019-05-16,17,3,2824,2342,30.6,0.0,0
2019-05-16,18,3,3751,2917,29.8,0.0,0
2019-05-16,19,3,2335,2156,29.5,0.0,0
2019-05-16,20,3,1848,1254,29.3,0.0,0
2019-05-16,21,3,2402,1299,29.3,0.0,0
2019-05-17,6,4,332,331,25.7,2.5,1
2019-05-17,7,4,1118,1760,25.8,0.5,1
2019-05-17,8,4,2160,2901,25.6,0.0,0
2019-05-17,9,4,1420,2113,26.1,0.0,0
2019-05-17,10,4,896,1917,25.5,1.5,1
2019-05-17,17,4,3359,2712,27.7,0.0,0
2019-05-17,18,4,4077,3483,27.5,0.0,0
2019-05-17,19,4,2722,2734,27.7,0.0,0
2019-05-17,20,4,2268,1600,27.3,0.0,0
2019-05-17,21,4,2552,1516,26.9,0.0,0
2019-05-20,6,0,324,339,27.3,0.0,0
2019-05-20,7,0,1044,1585,27.9,0.0,0
2019-05-20,8,0,1853,2855,24.1,5.9,2
2019-05-20,9,0,1265,2190,24.3,11.8,3
2019-05-20,10,0,774,1741,24.1,9.5,3
2019-05-20,17,0,2617,2205,23.3,0.0,0
2019-05-20,18,0,3363,2707,23.2,0.0,0
2019-05-20,19,0,2188,1799,23.1,0.0,0
2019-05-20,20,0,1665,1147,22.7,0.0,0
2019-05-20,21,0,2086,1040,22.7,0.0,0
2019-05-21,6,1,313,319,22.6,0.0,0
2019-05-21,7,1,1056,1676,22.9,0.0,0
2019-05-21,8,1,1890,2986,23.3,0.0,0
2019-05-21,9,1,1223,2226,23.9,0.0,0
2019-05-21,10,1,840,1625,24.0,0.0,0
2019-05-21,17,1,2731,2239,24.0,0.0,0
2019-05-21,18,1,3629,2983,23.4,0.0,0
2019-05-21,19,1,2431,2077,23.1,0.0,0
2019-05-21,20,1,1778,1224,23.0,0.0,0
2019-05-21,21,1,2242,1219,22.7,0.0,0
2019-05-22,6,2,312,331,22.2,0.0,0
2019-05-22,7,2,1101,1651,22.5,0.0,0
2019-05-22,8,2,1917,2984,22.9,0.0,0
2019-05-22,9,2,1189,2073,23.6,0.0,0
2019-05-22,10,2,889,1560,24.4,0.0,0
2019-05-22,17,2,2855,2341,25.1,0.0,0
2019-05-22,18,2,3602,2923,24.9,0.0,0
2019-05-22,19,2,2336,2206,24.6,0.0,0
2019-05-22,20,2,1799,1247,24.7,0.0,0
2019-05-22,21,2,2060,1148,24.3,0.0,0
2019-05-23,6,3,315,315,22.2,0.2,1
2019-05-23,7,3,1059,1698,22.0,0.7,1
2019-05-23,8,3,1908,2941,22.4,0.0,0
2019-05-23,9,3,1276,2199,22.7,0.0,0
2019-05-23,10,3,849,1843,21.8,0.6,1
2019-05-23,17,3,2946,2283,26.4,0.0,0
2019-05-23,18,3,3796,3078,25.7,0.0,0
2019-05-23,19,3,2661,2168,24.5,0.0,0
2019-05-23,20,3,1857,1331,24.2,0.0,0
2019-05-23,21,3,2392,1261,24.3,0.0,0
2019-05-24,6,4,331,398,24.4,0.0,0
2019-05-24,7,4,1087,1737,25.7,0.0,0
2019-05-24,8,4,1865,2883,26.8,0.0,0
2019-05-24,9,4,1297,2030,28.7,0.0,0
2019-05-24,10,4,1003,1718,30.0,0.0,0
2019-05-24,17,4,3588,2945,28.6,0.0,0
2019-05-24,18,4,3924,3665,27.6,0.0,0
2019-05-24,19,4,2816,3106,27.0,0.0,0
2019-05-24,20,4,2228,1713,26.9,0.0,0
2019-05-24,21,4,2490,1488,26.5,0.0,0
2019-05-27,6,0,312,335,26.4,0.0,0
2019-05-27,7,0,1021,1564,26.8,0.0,0
2019-05-27,8,0,1821,2782,27.3,0.0,0
2019-05-27,9,0,1208,2113,28.4,0.0,0
2019-05-27,10,0,834,1801,30.1,0.0,0
2019-05-27,17,0,2699,2145,27.1,0.0,0
2019-05-27,18,0,3370,2675,27.6,0.0,0
2019-05-27,19,0,2291,1763,27.2,0.0,0
2019-05-27,20,0,1725,1222,27.2,0.0,0
2019-05-27,21,0,1905,1024,27.0,0.0,0
2019-05-28,6,1,326,331,25.9,0.0,0
2019-05-28,7,1,1000,1720,26.2,0.0,0
2019-05-28,8,1,2006,2887,26.4,0.0,0
2019-05-28,9,1,1402,2315,25.7,3.0,2
2019-05-28,10,1,882,1682,24.2,28.5,4
2019-05-28,17,1,2877,2195,23.3,0.0,0
2019-05-28,18,1,3511,2846,23.2,0.0,0
2019-05-28,19,1,2270,2117,23.1,0.0,0
2019-05-28,20,1,1783,1214,22.6,0.0,0
2019-05-28,21,1,2099,1153,22.6,0.0,0
2019-05-29,6,2,304,330,22.8,0.0,0
2019-05-29,7,2,1096,1597,23.2,0.0,0
2019-05-29,8,2,1853,2970,23.8,0.0,0
2019-05-29,9,2,1253,1997,24.2,0.0,0
2019-05-29,10,2,832,1659,24.1,0.0,0
2019-05-29,17,2,2784,2243,23.0,0.0,0
2019-05-29,18,2,3549,3028,23.1,0.0,0
2019-05-29,19,2,2333,2050,22.4,0.0,0
2019-05-29,20,2,1843,1245,22.4,0.0,0
2019-05-29,21,2,2190,1155,22.4,0.0,0
2019-05-30,6,3,352,338,23.2,0.0,0
2019-05-30,7,3,1081,1685,23.8,0.0,0
2019-05-30,8,3,1879,2797,25.1,0.0,0
2019-05-30,9,3,1281,2219,25.8,0.0,0
2019-05-30,10,3,889,1828,27.3,0.0,0
2019-05-30,17,3,2820,2564,27.7,0.0,0
2019-05-30,18,3,3734,3042,27.5,0.0,0
2019-05-30,19,3,2521,2095,26.9,0.0,0
2019-05-30,20,3,1860,1262,27.2,0.0,0
2019-05-30,21,3,2385,1357,26.7,0.0,0
2019-05-31,6,4,319,335,25.2,0.0,0
2019-05-31,7,4,1094,1689,25.8,0.0,0
2019-05-31,8,4,1823,2970,27.8,0.0,0
2019-05-31,9,4,1333,2102,29.9,0.0,0
2019-05-31,10,4,981,1801,31.7,0.0,0
2019-05-31,17,4,3559,3026,30.2,0.0,0
2019-05-31,18,4,4309,3413,28.6,0.0,0
2019-05-31,19,4,2995,2774,28.4,0.0,0
2019-05-31,20,4,2308,1670,27.5,0.0,0
2019-05-31,21,4,2539,1530,27.1,0.0,0
2019-06-03,6,0,332,388,26.4,0.0,0
2019-06-03,7,0,996,1563,28.2,0.0,0
2019-06-03,8,0,1837,2749,29.1,0.0,0
2019-06-03,9,0,1243,2245,29.3,0.0,0
2019-06-03,10,0,832,1806,30.6,0.0,0
2019-06-03,17,0,2679,2216,30.1,0.0,0
2019-06-03,18,0,3436,2790,29.8,0.0,0
2019-06-03,19,0,2120,2013,29.5,0.0,0
2019-06-03,20,0,1724,1186,29.5,0.0,0
2019-06-03,21,0,2145,1146,28.7,0.0,0
2019-06-04,6,1,316,348,27.0,0.0,0
2019-06-04,7,1,1079,1627,27.5,0.0,0
2019-06-04,8,1,1856,3076,29.4,0.0,0
2019-06-04,9,1,1303,2143,28.3,0.0,0
2019-06-04,10,1,855,1705,26.8,1.5,1
2019-06-04,17,1,2969,2226,29.6,0.0,0
2019-06-04,18,1,3710,2661,29.7,0.0,0
2019-06-04,19,1,2344,2109,28.9,0.0,0
2019-06-04,20,1,1779,1299,28.7,0.0,0
2019-06-04,21,1,2159,1254,28.4,0.0,0
2019-06-05,6,2,404,373,25.9,0.0,0
2019-06-05,7,2,1087,1733,27.4,0.0,0
2019-06-05,8,2,1868,2894,29.2,0.0,0
2019-06-05,9,2,1236,2108,31.6,0.0,0
2019-06-05,10,2,877,1700,32.8,0.0,0
2019-06-05,17,2,2911,2273,28.9,0.8,1
2019-06-05,18,2,3735,2678,29.0,0.0,0
2019-06-05,19,2,2305,2130,29.0,0.0,0
2019-06-05,20,2,1841,1200,29.1,0.0,0
2019-06-05,21,2,2292,1210,29.1,0.0,0
2019-06-06,6,3,331,317,26.3,0.0,0
2019-06-06,7,3,1040,1641,27.9,0.0,0
2019-06-06,8,3,1816,2909,29.7,0.0,0
2019-06-06,9,3,1247,2316,32.0,0.0,0
2019-06-06,10,3,975,1786,34.0,0.0,0
2019-06-06,17,3,3328,2504,30.7,0.0,0
2019-06-06,18,3,4045,3028,30.3,0.0,0
2019-06-06,19,3,2931,2272,30.3,0.0,0
2019-06-06,20,3,2241,1443,29.9,0.0,0
2019-06-06,21,3,2482,1339,30.0,0.0,0
2019-06-07,6,4,281,173,28.0,0.0,0
2019-06-07,7,4,456,294,28.8,0.0,0
2019-06-07,8,4,681,463,30.1,0.0,0
2019-06-07,9,4,786,862,32.1,0.0,0
2019-06-07,10,4,1047,1062,33.8,0.0,0
2019-06-07,17,4,2172,1964,29.8,0.0,0
2019-06-07,18,4,2140,2019,29.4,0.0,0
2019-06-07,19,4,1879,1570,29.5,0.0,0
2019-06-07,20,4,1795,1319,28.7,0.0,0
2019-06-07,21,4,1700,1158,28.8,0.0,0
2019-06-10,6,0,312,351,27.7,0.0,0
2019-06-10,7,0,998,1642,27.9,0.0,0
2019-06-10,8,0,1767,2947,28.4,0.0,0
2019-06-10,9,0,1197,2425,28.6,0.0,0
2019-06-10,10,0,869,1896,29.3,0.0,0
2019-06-10,17,0,2700,2146,25.6,4.0,2
2019-06-10,18,0,3340,2582,25.8,1.3,1
2019-06-10,19,0,2152,1884,26.1,0.0,0
2019-06-10,20,0,1671,1221,25.9,0.2,1
2019-06-10,21,0,1891,1060,26.0,0.0,0
2019-06-11,6,1,308,309,25.3,6.5,2
2019-06-11,7,1,1046,1637,25.3,3.0,2
2019-06-11,8,1,1932,2984,25.7,1.5,1
2019-06-11,9,1,1380,2299,25.9,7.5,2
2019-06-11,10,1,787,1710,26.4,0.3,1
2019-06-11,17,1,2843,2062,23.6,17.5,4
2019-06-11,18,1,3662,2551,23.5,13.5,3
2019-06-11,19,1,2298,1934,23.6,1.5,1
2019-06-11,20,1,1613,1131,23.3,2.0,1
2019-06-11,21,1,1825,1148,23.4,0.3,1
2019-06-12,6,2,308,328,24.2,0.0,0
2019-06-12,7,2,1054,1608,25.2,0.0,0
2019-06-12,8,2,1930,3047,25.7,0.0,0
2019-06-12,9,2,1213,2134,26.2,0.0,0
2019-06-12,10,2,829,1716,26.6,0.0,0
2019-06-12,17,2,3193,2145,23.0,3.5,2
2019-06-12,18,2,3826,2805,23.0,6.0,2
2019-06-12,19,2,2368,2083,23.0,7.0,2
2019-06-12,20,2,1733,1199,22.9,0.2,1
2019-06-12,21,2,1971,1106,22.8,0.0,0
2019-06-13,6,3,305,343,23.3,0.0,0
2019-06-13,7,3,998,1710,23.7,0.0,0
2019-06-13,8,3,1869,2958,23.4,11.0,3
2019-06-13,9,3,1484,2556,23.8,11.5,3
2019-06-13,10,3,820,1874,24.3,0.0,0
2019-06-13,17,3,2985,2207,26.3,0.0,0
2019-06-13,18,3,3830,2801,25.3,6.0,2
2019-06-13,19,3,2718,1983,25.3,3.0,2
2019-06-13,20,3,1772,1248,25.1,2.0,1
2019-06-13,21,3,2117,1200,25.3,0.0,0
2019-06-14,6,4,288,343,23.7,2.5,1
2019-06-14,7,4,927,1674,23.5,0.0,0
2019-06-14,8,4,1936,2989,23.5,1.0,1
2019-06-14,9,4,1435,2151,23.6,6.0,2
2019-06-14,10,4,861,1760,24.1,3.5,2
2019-06-14,17,4,3147,2664,25.8,0.0,0
2019-06-14,18,4,3734,3224,25.2,0.0,0
2019-06-14,19,4,2601,2677,24.7,0.0,0
2019-06-14,20,4,2139,1394,24.4,0.0,0
2019-06-14,21,4,2559,1474,24.4,0.0,0
2019-06-17,6,0,299,354,26.3,0.0,0
2019-06-17,7,0,979,1523,27.5,0.0,0
2019-06-17,8,0,1797,2746,29.2,0.0,0
2019-06-17,9,0,1172,2166,31.4,0.0,0
2019-06-17,10,0,915,1609,31.4,0.0,0
2019-06-17,17,0,2707,2084,29.3,0.0,0
2019-06-17,18,0,3107,2496,29.3,0.0,0
2019-06-17,19,0,2205,1904,29.0,0.0,0
2019-06-17,20,0,1678,1103,28.2,0.0,0
2019-06-17,21,0,1696,1005,28.7,0.0,0
2019-06-18,6,1,316,324,26.6,0.0,0
2019-06-18,7,1,1001,1586,27.4,0.0,0
2019-06-18,8,1,1805,2739,28.6,0.0,0
2019-06-18,9,1,1324,2101,31.0,0.0,0
2019-06-18,10,1,889,1512,33.3,0.0,0
2019-06-18,17,1,2878,2116,30.9,0.0,0
2019-06-18,18,1,3253,2714,30.9,0.0,0
2019-06-18,19,1,2215,1982,30.5,0.0,0
2019-06-18,20,1,1813,1206,30.0,0.0,0
2019-06-18,21,1,1994,1019,29.9,0.0,0
2019-06-19,6,2,321,355,27.2,0.0,0
2019-06-19,7,2,1048,1607,27.7,0.0,0
2019-06-19,8,2,1834,2760,29.2,0.0,0
2019-06-19,9,2,1235,2059,31.7,0.0,0
2019-06-19,10,2,850,1564,34.5,0.0,0
2019-06-19,17,2,3090,2289,33.8,0.0,0
2019-06-19,18,2,3399,2657,32.9,0.0,0
2019-06-19,19,2,2179,2114,32.2,0.0,0
2019-06-19,20,2,1734,1233,31.7,0.0,0
2019-06-19,21,2,1950,1104,31.2,0.0,0
2019-06-20,6,3,335,381,28.7,0.0,0
2019-06-20,7,3,1016,1576,28.9,0.0,0
2019-06-20,8,3,1855,2768,30.7,0.0,0
2019-06-20,9,3,1230,1984,32.7,0.0,0
2019-06-20,10,3,764,1593,34.0,0.0,0
2019-06-20,17,3,2954,2399,34.1,0.0,0
2019-06-20,18,3,3442,2776,33.3,0.0,0
2019-06-20,19,3,2354,2101,32.7,0.0,0
2019-06-20,20,3,1987,1358,32.2,0.0,0
2019-06-20,21,3,2066,1280,31.8,0.0,0
2019-06-21,6,4,342,395,28.3,0.0,0
2019-06-21,7,4,1012,1573,28.5,0.0,0
2019-06-21,8,4,1831,2760,31.6,0.0,0
2019-06-21,9,4,1269,2101,33.7,0.0,0
2019-06-21,10,4,942,1688,35.0,0.0,0
2019-06-21,17,4,3610,2714,33.8,0.0,0
2019-06-21,18,4,3932,3148,33.5,0.0,0
2019-06-21,19,4,2724,2654,33.2,0.0,0
2019-06-21,20,4,2264,1695,32.7,0.0,0
2019-06-21,21,4,2593,1607,32.3,0.0,0
2019-06-24,6,0,356,350,24.2,0.5,1
2019-06-24,7,0,991,1454,24.3,1.0,1
2019-06-24,8,0,1853,2475,24.8,0.5,1
2019-06-24,9,0,1344,1899,25.2,1.0,1
2019-06-24,10,0,923,1436,25.6,1.5,1
2019-06-24,17,0,2842,2288,26.1,0.0,0
2019-06-24,18,0,3207,2502,25.7,0.0,0
2019-06-24,19,0,2153,1993,25.7,0.0,0
2019-06-24,20,0,1708,1227,25.8,0.0,0
2019-06-24,21,0,1685,1197,25.7,0.0,0
2019-06-25,6,1,340,389,25.3,0.0,0
2019-06-25,7,1,1015,1460,26.6,0.0,0
2019-06-25,8,1,1865,2660,27.4,0.0,0
2019-06-25,9,1,1248,2255,29.1,0.0,0
2019-06-25,10,1,871,1569,31.5,0.0,0
2019-06-25,17,1,2902,2168,25.5,6.0,2
2019-06-25,18,1,3400,2581,25.4,21.0,4
2019-06-25,19,1,2108,1978,25.2,3.0,2
2019-06-25,20,1,1518,1223,25.2,2.0,1
2019-06-25,21,1,1759,1170,25.3,0.0,0
2019-06-26,6,2,315,357,25.2,0.0,0
2019-06-26,7,2,1040,1465,26.3,0.0,0
2019-06-26,8,2,1899,2405,28.7,0.0,0
2019-06-26,9,2,1359,1806,30.2,0.0,0
2019-06-26,10,2,815,1568,30.0,0.0,0
2019-06-26,17,2,2929,2303,30.0,0.0,0
2019-06-26,18,2,3200,2803,27.3,7.5,2
2019-06-26,19,2,2345,2133,27.1,0.0,0
2019-06-26,20,2,1772,1249,26.4,2.3,1
2019-06-26,21,2,1820,1165,26.4,0.0,0
2019-06-27,6,3,372,365,25.5,0.0,0
2019-06-27,7,3,1035,1496,26.8,0.0,0
2019-06-27,8,3,1903,2519,28.9,0.0,0
2019-06-27,9,3,1297,1704,30.8,0.0,0
2019-06-27,10,3,873,1491,33.1,0.0,0
2019-06-27,17,3,2909,2306,28.4,0.0,0
2019-06-27,18,3,3261,2721,28.8,0.0,0
2019-06-27,19,3,2311,2144,29.1,0.0,0
2019-06-27,20,3,1884,1288,28.6,0.0,0
2019-06-27,21,3,1997,1272,28.3,0.0,0
2019-06-28,6,4,345,378,26.9,0.0,0
2019-06-28,7,4,982,1531,27.9,0.0,0
2019-06-28,8,4,1900,2403,29.8,0.0,0
2019-06-28,9,4,1242,1675,32.3,0.0,0
2019-06-28,10,4,919,1573,33.9,0.0,0
2019-06-28,17,4,3540,2777,31.7,0.0,0
2019-06-28,18,4,3687,3092,31.2,0.0,0
2019-06-28,19,4,2651,2626,31.1,0.0,0
2019-06-28,20,4,2074,1538,30.9,0.0,0
2019-06-28,21,4,2244,1322,30.2,0.0,0
2019-07-01,6,0,320,338,28.6,0.0,0
2019-07-01,7,0,942,1449,29.4,0.0,0
2019-07-01,8,0,1980,2734,30.6,0.0,0
2019-07-01,9,0,1313,1837,31.8,0.0,0
2019-07-01,10,0,894,1515,31.9,0.0,0
2019-07-01,17,0,2800,2197,33.1,0.0,0
2019-07-01,18,0,3144,2685,32.2,0.0,0
2019-07-01,19,0,2228,2013,31.5,0.0,0
2019-07-01,20,0,1873,1295,30.6,0.0,0
2019-07-01,21,0,1859,1101,29.8,0.2,1
2019-07-02,6,1,278,290,28.3,0.0,0
2019-07-02,7,1,943,1620,28.9,0.0,0
2019-07-02,8,1,2034,2659,29.7,0.0,0
2019-07-02,9,1,1300,1928,30.7,0.0,0
2019-07-02,10,1,898,1522,31.6,0.0,0
2019-07-02,17,1,2938,2019,26.6,18.0,4
2019-07-02,18,1,3232,2870,27.4,5.5,2
2019-07-02,19,1,2261,1919,27.5,2.0,1
2019-07-02,20,1,1540,1170,27.5,2.5,1
2019-07-02,21,1,1888,1021,27.6,0.0,0
2019-07-03,6,2,280,335,26.0,15.0,4
2019-07-03,7,2,937,1581,26.6,0.0,0
2019-07-03,8,2,1968,2795,27.4,0.0,0
2019-07-03,9,2,1236,1874,28.1,0.0,0
2019-07-03,10,2,859,1505,29.8,0.0,0
2019-07-03,17,2,3196,2264,30.2,0.0,0
2019-07-03,18,2,3359,2745,29.9,0.0,0
2019-07-03,19,2,2235,2221,29.6,0.0,0
2019-07-03,20,2,1836,1324,29.4,0.0,0
2019-07-03,21,2,2031,1165,29.4,0.0,0
2019-07-04,6,3,307,289,27.6,0.0,0
2019-07-04,7,3,877,1446,28.2,0.0,0
2019-07-04,8,3,2026,2964,29.4,0.0,0
2019-07-04,9,3,1250,1851,31.0,0.0,0
2019-07-04,10,3,868,1550,33.4,0.0,0
2019-07-04,17,3,3061,2303,31.7,0.0,0
2019-07-04,18,3,3558,2913,31.3,0.0,0
2019-07-04,19,3,2366,2257,31.0,0.0,0
2019-07-04,20,3,1948,1220,31.1,0.0,0
2019-07-04,21,3,2069,1157,30.5,0.0,0
2019-07-05,6,4,319,312,27.9,0.0,0
2019-07-05,7,4,959,1443,28.4,0.0,0
2019-07-05,8,4,1908,2811,30.1,0.0,0
2019-07-05,9,4,1332,2067,31.4,0.0,0
2019-07-05,10,4,984,1522,32.6,0.0,0
2019-07-05,17,4,3375,2546,33.8,0.0,0
2019-07-05,18,4,3793,3175,33.0,0.0,0
2019-07-05,19,4,2555,2628,32.3,0.0,0
2019-07-05,20,4,2074,1525,31.8,0.0,0
2019-07-05,21,4,2119,1236,31.2,0.0,0
2019-07-08,6,0,292,352,28.0,0.0,0
2019-07-08,7,0,962,1472,28.6,0.0,0
2019-07-08,8,0,1989,3138,30.9,0.0,0
2019-07-08,9,0,1365,1861,32.6,0.0,0
2019-07-08,10,0,935,1383,33.6,0.0,0
2019-07-08,17,0,2908,2166,33.5,0.0,0
2019-07-08,18,0,3131,2830,32.8,0.0,0
2019-07-08,19,0,2153,2135,32.0,0.0,0
2019-07-08,20,0,1729,1223,30.7,0.0,0
2019-07-08,21,0,1721,1109,30.3,0.0,0
2019-07-09,6,1,291,329,27.6,0.0,0
2019-07-09,7,1,957,1452,28.1,0.0,0
2019-07-09,8,1,2062,2842,29.1,0.0,0
2019-07-09,9,1,1289,1946,31.0,0.0,0
2019-07-09,10,1,933,1541,32.2,0.0,0
2019-07-09,17,1,3148,2372,34.1,0.0,0
2019-07-09,18,1,3542,2728,33.2,0.0,0
2019-07-09,19,1,2373,2225,32.4,0.0,0
2019-07-09,20,1,1825,1320,32.3,0.0,0
2019-07-09,21,1,1975,1165,31.3,0.0,0
2019-07-10,6,2,281,302,27.6,0.0,0
2019-07-10,7,2,957,1535,28.4,0.0,0
2019-07-10,8,2,2046,2857,30.2,0.0,0
2019-07-10,9,2,1329,1917,33.2,0.0,0
2019-07-10,10,2,913,1564,34.3,0.0,0
2019-07-10,17,2,3211,2335,32.7,0.0,0
2019-07-10,18,2,3596,2887,32.2,0.0,0
2019-07-10,19,2,2292,2017,32.7,0.0,0
2019-07-10,20,2,1797,1286,31.5,0.0,0
2019-07-10,21,2,1878,1132,31.0,0.0,0
2019-07-11,6,3,316,308,29.5,0.0,0
2019-07-11,7,3,927,1472,29.8,0.0,0
2019-07-11,8,3,1957,2797,30.8,0.0,0
2019-07-11,9,3,1338,2044,33.2,0.0,0
2019-07-11,10,3,863,1433,34.0,0.0,0
2019-07-11,17,3,3119,2334,29.5,0.0,0
2019-07-11,18,3,3626,2873,29.9,0.0,0
2019-07-11,19,3,2342,2133,29.6,0.0,0
2019-07-11,20,3,1817,1400,29.4,0.0,0
2019-07-11,21,3,2053,1154,29.1,0.0,0
2019-07-12,6,4,283,324,27.3,0.0,0
2019-07-12,7,4,917,1379,28.3,0.0,0
2019-07-12,8,4,2010,2747,29.9,0.0,0
2019-07-12,9,4,1365,1944,32.2,0.0,0
2019-07-12,10,4,974,1577,34.5,0.0,0
2019-07-12,17,4,3566,2594,27.3,2.5,1
2019-07-12,18,4,3542,2888,27.4,0.0,0
2019-07-12,19,4,2496,2483,27.6,0.0,0
2019-07-12,20,4,2039,1343,27.6,0.0,0
2019-07-12,21,4,2144,1314,27.5,0.0,0
2019-07-15,6,0,274,316,27.7,0.0,0
2019-07-15,7,0,937,1357,28.6,0.0,0
2019-07-15,8,0,1845,2670,30.4,0.0,0
2019-07-15,9,0,1350,1867,31.3,0.0,0
2019-07-15,10,0,929,1601,33.0,0.0,0
2019-07-15,17,0,2803,2177,32.0,0.0,0
2019-07-15,18,0,3197,2616,31.4,0.0,0
2019-07-15,19,0,2347,2045,31.0,0.0,0
2019-07-15,20,0,1787,1255,30.7,0.0,0
2019-07-15,21,0,1853,1053,30.4,0.0,0
2019-07-16,6,1,305,329,28.1,0.0,0
2019-07-16,7,1,871,1467,28.7,0.0,0
2019-07-16,8,1,1962,2878,30.4,0.0,0
2019-07-16,9,1,1395,1861,32.4,0.0,0
2019-07-16,10,1,947,1623,33.5,0.0,0
2019-07-16,17,1,2957,2386,33.1,0.0,0
2019-07-16,18,1,3485,3077,31.9,0.0,0
2019-07-16,19,1,2390,2221,30.7,0.0,0
2019-07-16,20,1,1917,1320,30.3,0.0,0
2019-07-16,21,1,1898,1141,30.1,0.0,0
2019-07-17,6,2,277,325,29.3,0.0,0
2019-07-17,7,2,903,1425,30.2,0.0,0
2019-07-17,8,2,1988,2663,30.8,0.0,0
2019-07-17,9,2,1418,1763,31.7,0.0,0
2019-07-17,10,2,919,1477,32.6,0.0,0
2019-07-17,17,2,3063,2245,30.3,0.2,1
2019-07-17,18,2,3341,2708,29.5,0.0,0
2019-07-17,19,2,2158,2311,29.6,0.0,0
2019-07-17,20,2,1655,1180,29.7,0.0,0
2019-07-17,21,2,1681,1134,29.7,0.0,0
2019-07-18,6,3,270,277,28.3,0.0,0
2019-07-18,7,3,908,1454,27.4,1.0,1
2019-07-18,8,3,1831,2679,29.9,0.0,0
2019-07-18,9,3,1321,1784,27.5,5.5,2
2019-07-18,10,3,789,1380,30.0,0.5,1
2019-07-18,17,3,3034,2282,29.5,0.0,0
2019-07-18,18,3,3266,2763,29.5,0.0,0
2019-07-18,19,3,2126,2045,29.2,0.0,0
2019-07-18,20,3,1797,1197,29.1,0.0,0
2019-07-18,21,3,1823,1115,29.2,0.0,0
2019-07-19,6,4,264,311,26.7,0.0,0
2019-07-19,7,4,883,1480,27.2,0.0,0
2019-07-19,8,4,1843,2772,28.6,0.0,0
2019-07-19,9,4,1274,1831,30.9,0.0,0
2019-07-19,10,4,936,1425,32.0,0.0,0
2019-07-19,17,4,3477,2447,32.4,0.0,0
2019-07-19,18,4,3745,3191,32.2,0.0,0
2019-07-19,19,4,2472,2681,31.7,0.0,0
2019-07-19,20,4,1943,1467,31.2,0.0,0
2019-07-19,21,4,2165,1294,30.6,0.0,0
2019-07-22,6,0,291,319,27.3,0.0,0
2019-07-22,7,0,945,1357,27.8,0.0,0
2019-07-22,8,0,1993,2722,27.2,0.7,1
2019-07-22,9,0,1366,2074,28.2,1.5,1
2019-07-22,10,0,796,1434,30.9,0.0,0
2019-07-22,17,0,2755,2146,25.2,24.1,4
2019-07-22,18,0,3277,2736,25.9,1.5,1
2019-07-22,19,0,2074,2011,26.3,0.0,0
2019-07-22,20,0,1676,1203,26.2,0.0,0
2019-07-22,21,0,1539,910,26.0,0.0,0
2019-07-23,6,1,291,312,25.3,0.0,0
2019-07-23,7,1,943,1344,26.3,0.0,0
2019-07-23,8,1,1966,2704,28.1,0.0,0
2019-07-23,9,1,1351,2114,30.3,0.0,0
2019-07-23,10,1,897,1626,32.2,0.0,0
2019-07-23,17,1,3040,2227,26.7,9.0,3
2019-07-23,18,1,3382,2935,26.3,4.5,2
2019-07-23,19,1,2097,2084,26.5,0.4,1
2019-07-23,20,1,1717,1302,26.9,0.1,1
2019-07-23,21,1,1756,1140,26.7,0.4,1
2019-07-24,6,2,279,328,25.9,0.0,0
2019-07-24,7,2,929,1305,27.2,0.0,0
2019-07-24,8,2,1990,2502,29.0,0.0,0
2019-07-24,9,2,1352,1942,30.4,0.0,0
2019-07-24,10,2,862,1473,32.4,0.0,0
2019-07-24,17,2,2962,2261,29.1,0.0,0
2019-07-24,18,2,3240,2883,29.1,0.0,0
2019-07-24,19,2,2210,2267,28.9,0.0,0
2019-07-24,20,2,1693,1280,29.1,0.0,0
2019-07-24,21,2,1843,1139,28.6,0.0,0
2019-07-25,6,3,298,328,27.3,0.0,0
2019-07-25,7,3,933,1353,27.9,0.0,0
2019-07-25,8,3,1975,2609,28.8,0.0,0
2019-07-25,9,3,1330,1873,31.0,0.0,0
2019-07-25,10,3,860,1455,32.7,0.0,0
2019-07-25,17,3,3032,2384,33.1,0.0,0
2019-07-25,18,3,3468,2948,32.2,0.0,0
2019-07-25,19,3,2398,2252,31.4,0.0,0
2019-07-25,20,3,1732,1349,30.9,0.0,0
2019-07-25,21,3,1854,1239,30.5,0.0,0
2019-07-26,6,4,311,321,27.7,0.0,0
2019-07-26,7,4,928,1348,28.4,0.0,0
2019-07-26,8,4,1872,2599,30.4,0.0,0
2019-07-26,9,4,1306,1887,32.1,0.0,0
2019-07-26,10,4,994,1555,33.7,0.0,0
2019-07-26,17,4,3295,2563,27.5,1.5,1
2019-07-26,18,4,3794,3232,28.6,0.0,0
2019-07-26,19,4,2466,2431,28.8,0.0,0
2019-07-26,20,4,1859,1420,28.3,0.0,0
2019-07-26,21,4,2388,1365,27.9,0.0,0
2019-07-29,6,0,273,315,27.4,0.0,0
2019-07-29,7,0,923,1312,28.1,0.0,0
2019-07-29,8,0,1919,2348,30.1,0.0,0
2019-07-29,9,0,1255,1801,32.0,0.0,0
2019-07-29,10,0,906,1493,32.7,0.0,0
2019-07-29,17,0,2703,2152,32.0,0.0,0
2019-07-29,18,0,3061,2737,31.8,0.0,0
2019-07-29,19,0,2156,1978,31.3,0.0,0
2019-07-29,20,0,1794,1226,31.2,0.0,0
2019-07-29,21,0,1783,1071,31.0,0.0,0
2019-07-30,6,1,298,302,28.1,0.0,0
2019-07-30,7,1,909,1340,29.0,0.0,0
2019-07-30,8,1,1963,2640,30.9,0.0,0
2019-07-30,9,1,1209,1860,32.2,0.0,0
2019-07-30,10,1,903,1460,33.8,0.0,0
2019-07-30,17,1,2923,2271,32.7,0.0,0
2019-07-30,18,1,3460,2829,31.6,0.0,0
2019-07-30,19,1,2320,2351,31.0,0.0,0
2019-07-30,20,1,1766,1302,30.6,0.0,0
2019-07-30,21,1,1871,1137,30.5,0.0,0
2019-07-31,6,2,277,330,28.3,0.0,0
2019-07-31,7,2,950,1274,29.1,0.0,0
2019-07-31,8,2,1910,2497,31.3,0.0,0
2019-07-31,9,2,1339,1775,33.1,0.0,0
2019-07-31,10,2,903,1420,33.9,0.0,0
2019-07-31,17,2,3023,2256,32.5,0.0,0
2019-07-31,18,2,3266,2842,31.8,0.0,0
2019-07-31,19,2,2332,2120,31.4,0.0,0
2019-07-31,20,2,1873,1204,31.2,0.0,0
2019-07-31,21,2,1844,1167,31.2,0.0,0
2019-08-01,6,3,332,318,29.2,0.0,0
2019-08-01,7,3,920,1315,29.8,0.0,0
2019-08-01,8,3,1892,2412,31.9,0.0,0
2019-08-01,9,3,1390,1648,33.3,0.0,0
2019-08-01,10,3,812,1510,34.3,0.0,0
2019-08-01,17,3,2882,2236,32.7,0.0,0
2019-08-01,18,3,3212,2906,32.0,0.0,0
2019-08-01,19,3,2223,2190,31.4,0.0,0
2019-08-01,20,3,1868,1258,31.0,0.0,0
2019-08-01,21,3,1839,1197,30.7,0.0,0
2019-08-02,6,4,296,366,28.4,0.0,0
2019-08-02,7,4,941,1282,29.3,0.0,0
2019-08-02,8,4,1904,2296,31.0,0.0,0
2019-08-02,9,4,1310,1887,32.1,0.0,0
2019-08-02,10,4,959,1444,33.2,0.0,0
2019-08-02,17,4,3011,2552,32.2,0.0,0
2019-08-02,18,4,3401,3029,30.9,0.0,0
2019-08-02,19,4,2542,2475,29.9,0.0,0
2019-08-02,20,4,2027,1490,29.6,0.0,0
2019-08-02,21,4,1961,1286,29.2,0.0,0
2019-08-05,6,0,280,329,28.7,0.0,0
2019-08-05,7,0,982,1331,29.4,0.0,0
2019-08-05,8,0,1901,2517,30.1,0.0,0
2019-08-05,9,0,1272,1789,32.6,0.0,0
2019-08-05,10,0,811,1372,33.1,0.0,0
2019-08-05,17,0,2807,2277,30.5,0.0,0
2019-08-05,18,0,3126,2908,30.8,0.0,0
2019-08-05,19,0,2200,2009,30.4,0.0,0
2019-08-05,20,0,1713,1264,30.1,0.0,0
2019-08-05,21,0,1758,1024,29.9,0.0,0
2019-08-06,6,1,301,324,28.7,0.0,0
2019-08-06,7,1,953,1287,29.1,0.0,0
2019-08-06,8,1,1983,2517,30.2,0.0,0
2019-08-06,9,1,1358,1902,31.0,0.0,0
2019-08-06,10,1,906,1380,32.6,0.0,0
2019-08-06,17,1,2966,2303,31.7,0.0,0
2019-08-06,18,1,3411,2910,30.9,0.0,0
2019-08-06,19,1,2350,2289,30.3,0.0,0
2019-08-06,20,1,1744,1281,29.6,0.0,0
2019-08-06,21,1,1804,1174,29.3,0.0,0
2019-08-07,6,2,294,307,28.5,0.0,0
2019-08-07,7,2,979,1373,28.9,0.0,0
2019-08-07,8,2,1977,2603,29.7,0.0,0
2019-08-07,9,2,1336,1650,30.5,0.0,0
2019-08-07,10,2,961,1446,31.3,0.0,0
2019-08-07,17,2,2961,2449,31.0,0.0,0
2019-08-07,18,2,3508,2924,29.1,1.1,1
2019-08-07,19,2,2279,2229,28.3,5.0,2
2019-08-07,20,2,1765,1291,28.5,0.1,1
2019-08-07,21,2,1813,1119,28.7,0.4,1
2019-08-08,6,3,284,294,28.3,0.5,1
2019-08-08,7,3,913,1211,29.1,0.0,0
2019-08-08,8,3,1814,2359,28.5,0.5,1
2019-08-08,9,3,1431,1705,30.2,1.0,1
2019-08-08,10,3,778,1251,31.2,0.0,0
2019-08-08,17,3,2743,1901,28.2,2.0,1
2019-08-08,18,3,3101,2439,28.6,0.0,0
2019-08-08,19,3,1988,1972,27.8,1.5,1
2019-08-08,20,3,1497,981,27.9,0.0,0
2019-08-08,21,3,1450,857,28.1,0.0,0
2019-08-09,6,4,58,83,27.9,0.5,1
2019-08-09,7,4,129,122,27.3,5.0,2
2019-08-09,8,4,141,123,27.7,1.0,1
2019-08-09,9,4,215,198,28.4,0.0,0
2019-08-09,10,4,256,306,28.2,0.5,1
2019-08-09,17,4,1099,1360,31.0,0.0,0
2019-08-09,18,4,1385,1384,28.2,2.0,1
2019-08-09,19,4,1050,1112,30.1,0.0,0
2019-08-09,20,4,975,789,30.9,0.0,0
2019-08-09,21,4,1034,719,31.7,0.0,0
2019-08-12,6,0,296,305,29.7,0.0,0
2019-08-12,7,0,928,1294,29.1,0.0,0
2019-08-12,8,0,1919,2625,29.3,0.0,0
2019-08-12,9,0,1271,1876,30.7,0.0,0
2019-08-12,10,0,862,1504,31.3,0.0,0
2019-08-12,17,0,2931,2265,31.1,0.0,0
2019-08-12,18,0,3323,2792,31.4,0.0,0
2019-08-12,19,0,2234,2041,31.2,0.0,0
2019-08-12,20,0,1653,1276,31.1,0.0,0
2019-08-12,21,0,1762,1025,30.9,0.0,0
2019-08-13,6,1,275,298,27.7,0.0,0
2019-08-13,7,1,919,1307,28.3,0.0,0
2019-08-13,8,1,1955,2557,30.1,0.0,0
2019-08-13,9,1,1399,1866,31.9,0.0,0
2019-08-13,10,1,868,1487,33.6,0.0,0
2019-08-13,17,1,2938,2391,34.1,0.0,0
2019-08-13,18,1,3498,2879,32.8,0.0,0
2019-08-13,19,1,2385,2182,32.3,0.0,0
2019-08-13,20,1,1808,1251,31.5,0.0,0
2019-08-13,21,1,1893,1200,30.7,0.0,0
2019-08-14,6,2,289,317,27.5,0.0,0
2019-08-14,7,2,925,1260,27.9,0.0,0
2019-08-14,8,2,1925,2584,30.1,0.0,0
2019-08-14,9,2,1390,1844,32.1,0.0,0
2019-08-14,10,2,904,1399,34.4,0.0,0
2019-08-14,17,2,3016,2552,34.1,0.0,0
2019-08-14,18,2,3366,2956,33.5,0.0,0
2019-08-14,19,2,2303,2304,32.8,0.0,0
2019-08-14,20,2,1861,1265,32.2,0.0,0
2019-08-14,21,2,1835,1114,32.0,0.0,0
2019-08-15,6,3,312,295,29.1,0.0,0
2019-08-15,7,3,934,1241,29.9,0.0,0
2019-08-15,8,3,1940,2444,31.4,0.0,0
2019-08-15,9,3,1228,1780,32.2,0.0,0
2019-08-15,10,3,844,1409,33.4,0.0,0
2019-08-15,17,3,2871,2205,33.0,0.0,0
2019-08-15,18,3,3257,2904,32.3,0.0,0
2019-08-15,19,3,2302,2061,31.7,0.0,0
2019-08-15,20,3,1697,1278,31.4,0.0,0
2019-08-15,21,3,1882,1155,31.3,0.0,0
2019-08-16,6,4,276,351,27.7,0.0,0
2019-08-16,7,4,888,1191,27.7,0.3,1
2019-08-16,8,4,1882,2595,29.3,0.0,0
2019-08-16,9,4,1302,1877,31.0,0.0,0
2019-08-16,10,4,974,1486,33.1,0.0,0
2019-08-16,17,4,3487,2403,32.1,0.0,0
2019-08-16,18,4,3630,3064,31.9,0.0,0
2019-08-16,19,4,2490,2507,31.5,0.0,0
2019-08-16,20,4,1935,1431,30.9,0.0,0
2019-08-16,21,4,2204,1257,30.5,0.0,0
2019-08-19,6,0,281,301,26.4,0.0,0
2019-08-19,7,0,929,1304,25.8,5.0,2
2019-08-19,8,0,1872,2621,25.9,1.0,1
2019-08-19,9,0,1314,1923,27.1,0.5,1
2019-08-19,10,0,830,1472,29.0,0.0,0
2019-08-19,17,0,3033,2251,27.5,0.0,0
2019-08-19,18,0,3281,2666,26.9,0.0,0
2019-08-19,19,0,2187,2001,26.9,0.5,1
2019-08-19,20,0,1677,1258,26.8,0.0,0
2019-08-19,21,0,1660,1020,26.6,0.0,0
2019-08-20,6,1,275,318,25.3,0.0,0
2019-08-20,7,1,902,1328,26.3,0.0,0
2019-08-20,8,1,1991,2654,27.3,0.0,0
2019-08-20,9,1,1311,1890,29.1,0.0,0
2019-08-20,10,1,963,1593,29.9,0.0,0
2019-08-20,17,1,3219,2287,29.5,0.0,0
2019-08-20,18,1,3542,2917,29.2,0.0,0
2019-08-20,19,1,2480,2175,28.3,0.0,0
2019-08-20,20,1,1884,1216,28.2,0.0,0
2019-08-20,21,1,1865,1083,27.6,0.2,1
2019-08-21,6,2,262,324,26.3,0.0,0
2019-08-21,7,2,953,1318,26.9,0.0,0
2019-08-21,8,2,1917,2650,28.2,0.0,0
2019-08-21,9,2,1336,1860,30.4,0.0,0
2019-08-21,10,2,875,1381,31.5,0.0,0
2019-08-21,17,2,2779,2331,26.8,0.0,0
2019-08-21,18,2,3198,2963,26.9,0.0,0
2019-08-21,19,2,2212,2128,27.4,0.0,0
2019-08-21,20,2,1835,1202,27.4,0.0,0
2019-08-21,21,2,1974,1104,27.4,0.0,0
2019-08-22,6,3,303,327,25.8,0.0,0
2019-08-22,7,3,920,1447,26.8,0.0,0
2019-08-22,8,3,1908,2561,28.8,0.0,0
2019-08-22,9,3,1334,2200,31.5,0.0,0
2019-08-22,10,3,995,1671,33.6,0.0,0
2019-08-22,17,3,3142,2531,32.0,0.0,0
2019-08-22,18,3,3371,3036,31.5,0.0,0
2019-08-22,19,3,2255,2128,30.8,0.0,0
2019-08-22,20,3,1779,1158,30.5,0.0,0
2019-08-22,21,3,2084,1224,30.3,0.0,0
2019-08-23,6,4,295,340,28.1,0.0,0
2019-08-23,7,4,930,1370,28.9,0.0,0
2019-08-23,8,4,1859,2549,31.0,0.0,0
2019-08-23,9,4,1296,1855,32.3,0.0,0
2019-08-23,10,4,959,1402,33.5,0.0,0
2019-08-23,17,4,3124,2444,30.2,0.0,0
2019-08-23,18,4,3444,3121,29.7,0.0,0
2019-08-23,19,4,2494,2644,29.7,0.0,0
2019-08-23,20,4,1930,1500,29.3,0.0,0
2019-08-23,21,4,2198,1277,29.4,0.0,0
2019-08-26,6,0,289,305,27.6,0.0,0
2019-08-26,7,0,858,1344,28.4,0.0,0
2019-08-26,8,0,1782,2474,30.1,0.0,0
2019-08-26,9,0,1197,1813,32.2,0.0,0
2019-08-26,10,0,866,1504,33.4,0.0,0
2019-08-26,17,0,2913,2276,31.4,0.0,0
2019-08-26,18,0,3152,2752,31.0,0.0,0
2019-08-26,19,0,2144,2018,30.5,0.0,0
2019-08-26,20,0,1720,1271,30.1,0.0,0
2019-08-26,21,0,1748,1020,29.7,0.0,0
2019-08-27,6,1,297,313,27.3,0.0,0
2019-08-27,7,1,949,1349,28.1,0.0,0
2019-08-27,8,1,1848,2664,30.1,0.0,0
2019-08-27,9,1,1271,1916,32.6,0.0,0
2019-08-27,10,1,1048,1643,33.9,0.0,0
2019-08-27,17,1,2927,2321,31.8,0.0,0
2019-08-27,18,1,3520,2862,30.7,0.0,0
2019-08-27,19,1,2205,2181,30.2,0.0,0
2019-08-27,20,1,1851,1289,29.9,0.0,0
2019-08-27,21,1,2007,1110,29.9,0.0,0
2019-08-28,6,2,281,344,29.5,0.0,0
2019-08-28,7,2,950,1306,30.1,0.0,0
2019-08-28,8,2,1775,2905,31.8,0.0,0
2019-08-28,9,2,1304,1699,32.6,0.0,0
2019-08-28,10,2,882,1439,33.5,0.0,0
2019-08-28,17,2,2868,2205,32.7,0.0,0
2019-08-28,18,2,3319,2769,31.8,0.0,0
2019-08-28,19,2,2403,2144,31.6,0.0,0
2019-08-28,20,2,2136,1225,31.4,0.0,0
2019-08-28,21,2,1932,1063,31.0,0.0,0
2019-08-29,6,3,305,303,29.0,0.0,0
2019-08-29,7,3,917,1392,29.3,0.0,0
2019-08-29,8,3,1788,2960,30.9,0.0,0
2019-08-29,9,3,1252,1814,33.0,0.0,0
2019-08-29,10,3,962,1542,34.1,0.0,0
2019-08-29,17,3,3096,2259,32.8,0.0,0
2019-08-29,18,3,3339,2760,31.6,0.0,0
2019-08-29,19,3,2134,2068,31.4,0.0,0
2019-08-29,20,3,1982,1311,31.0,0.0,0
2019-08-29,21,3,1934,1019,31.1,0.0,0
2019-08-30,6,4,348,396,29.0,0.0,0
2019-08-30,7,4,1043,1526,28.4,0.0,0
2019-08-30,8,4,1776,2732,29.3,0.0,0
2019-08-30,9,4,1294,1730,31.5,0.0,0
2019-08-30,10,4,916,1218,29.8,0.0,0
2019-08-30,17,4,3178,2476,26.8,0.0,0
2019-08-30,18,4,3390,3060,27.2,0.0,0
2019-08-30,19,4,2285,2338,27.4,0.0,0
2019-08-30,20,4,1828,1374,27.1,0.0,0
2019-08-30,21,4,2050,1239,27.6,0.0,0
2019-09-02,6,0,403,407,28.1,0.0,0
2019-09-02,7,0,1047,1608,28.5,0.0,0
2019-09-02,8,0,1854,2826,30.6,0.0,0
2019-09-02,9,0,1221,1576,32.5,0.0,0
2019-09-02,10,0,923,1352,33.5,0.0,0
2019-09-02,17,0,2657,2271,32.3,0.0,0
2019-09-02,18,0,3110,2572,31.4,0.0,0
2019-09-02,19,0,2195,2078,30.8,0.0,0
2019-09-02,20,0,2049,1274,30.5,0.0,0
2019-09-02,21,0,1830,1059,30.4,0.0,0
2019-09-03,6,1,400,395,28.7,0.0,0
2019-09-03,7,1,1063,1554,29.2,0.0,0
2019-09-03,8,1,1913,2972,30.8,0.0,0
2019-09-03,9,1,1257,1687,31.8,0.0,0
2019-09-03,10,1,841,1473,31.8,0.0,0
2019-09-03,17,1,2834,2224,30.7,0.0,0
2019-09-03,18,1,3256,2633,30.1,0.0,0
2019-09-03,19,1,2270,2139,29.6,0.0,0
2019-09-03,20,1,2060,1324,29.5,0.0,0
2019-09-03,21,1,1787,1182,29.4,0.0,0
2019-09-04,6,2,357,390,27.5,0.0,0
2019-09-04,7,2,1122,1582,27.0,0.0,0
2019-09-04,8,2,1889,2809,28.8,0.1,1
2019-09-04,9,2,1211,1647,29.3,0.0,0
2019-09-04,10,2,802,1359,27.4,2.5,1
2019-09-04,17,2,2716,2248,26.7,0.0,0
2019-09-04,18,2,3268,2596,27.1,0.0,0
2019-09-04,19,2,2202,2138,26.6,0.0,0
2019-09-04,20,2,1645,1275,26.4,0.0,0
2019-09-04,21,2,1930,1093,26.2,0.0,0
2019-09-05,6,3,344,377,25.1,0.0,0
2019-09-05,7,3,1071,1651,26.5,0.0,0
2019-09-05,8,3,2119,2739,27.9,0.0,0
2019-09-05,9,3,1235,1615,26.0,2.5,1
2019-09-05,10,3,883,1331,25.7,13.0,3
2019-09-05,17,3,3033,2327,27.4,0.0,0
2019-09-05,18,3,3495,2768,27.2,0.0,0
2019-09-05,19,3,2328,2063,27.3,0.0,0
2019-09-05,20,3,1729,1467,27.1,0.0,0
2019-09-05,21,3,2136,1369,26.6,2.0,1
2019-09-06,6,4,349,354,25.1,0.0,0
2019-09-06,7,4,1071,1575,25.5,0.0,0
2019-09-06,8,4,1944,2688,27.0,0.0,0
2019-09-06,9,4,1298,1640,29.1,0.0,0
2019-09-06,10,4,1012,1307,31.1,0.0,0
2019-09-06,17,4,3247,2923,31.8,0.0,0
2019-09-06,18,4,3585,3442,31.0,0.0,0
2019-09-06,19,4,2695,2760,29.7,0.0,0
2019-09-06,20,4,2062,1689,29.6,0.0,0
2019-09-06,21,4,2227,1433,29.3,0.0,0
2019-09-09,6,0,347,398,24.5,0.0,0
2019-09-09,7,0,1080,2070,25.1,0.0,0
2019-09-09,8,0,1855,4141,27.3,0.0,0
2019-09-09,9,0,1207,2631,29.7,0.0,0
2019-09-09,10,0,809,1694,32.4,0.0,0
2019-09-09,17,0,3340,2372,31.4,0.0,0
2019-09-09,18,0,4084,2735,30.7,0.0,0
2019-09-09,19,0,2745,1952,30.1,0.0,0
2019-09-09,20,0,2123,1227,29.8,0.0,0
2019-09-09,21,0,2116,1087,29.3,0.0,0
2019-09-10,6,1,368,423,26.4,0.0,0
2019-09-10,7,1,1135,2242,26.9,0.0,0
2019-09-10,8,1,1860,3965,28.9,0.0,0
2019-09-10,9,1,1321,2672,31.0,0.0,0
2019-09-10,10,1,854,1712,33.1,0.0,0
2019-09-10,17,1,3601,2426,31.9,0.0,0
2019-09-10,18,1,4126,2930,30.9,0.0,0
2019-09-10,19,1,2664,2029,30.2,0.0,0
2019-09-10,20,1,2157,1339,29.9,0.0,0
2019-09-10,21,1,2174,1343,29.6,0.0,0
2019-09-11,6,2,314,417,28.8,0.0,0
2019-09-11,7,2,1159,2099,29.3,0.0,0
2019-09-11,8,2,1923,4001,31.1,0.0,0
2019-09-11,9,2,1242,2638,32.8,0.0,0
2019-09-11,10,2,928,1631,34.0,0.0,0
2019-09-11,17,2,3273,2320,31.7,0.0,0
2019-09-11,18,2,4061,2945,30.6,0.0,0
2019-09-11,19,2,2614,2112,29.8,0.0,0
2019-09-11,20,2,1955,1322,29.6,0.0,0
2019-09-11,21,2,2433,1236,29.3,0.0,0
2019-09-12,6,3,362,430,28.3,0.0,0
2019-09-12,7,3,1102,2243,28.8,0.0,0
2019-09-12,8,3,1911,3851,30.7,0.0,0
2019-09-12,9,3,1345,2649,31.5,0.0,0
2019-09-12,10,3,971,1756,33.0,0.0,0
2019-09-12,17,3,3798,2486,31.1,0.0,0
2019-09-12,18,3,4911,3115,30.4,0.0,0
2019-09-12,19,3,3613,2389,29.8,0.0,0
2019-09-12,20,3,2375,1453,28.8,0.0,0
2019-09-12,21,3,2558,1289,28.9,0.0,0
2019-09-13,6,4,366,169,27.9,0.0,0
2019-09-13,7,4,465,320,28.4,0.0,0
2019-09-13,8,4,746,453,30.1,0.0,0
2019-09-13,9,4,971,805,31.8,0.0,0
2019-09-13,10,4,1141,1015,31.7,0.0,0
2019-09-13,17,4,2123,1981,30.1,0.0,0
2019-09-13,18,4,2020,1850,29.3,0.0,0
2019-09-13,19,4,1638,1410,28.7,0.0,0
2019-09-13,20,4,1480,1227,28.6,0.0,0
2019-09-13,21,4,1518,1222,28.3,0.0,0
2019-09-16,6,0,354,420,26.4,0.0,0
2019-09-16,7,0,1042,1975,27.2,0.0,0
2019-09-16,8,0,1891,3917,27.3,0.2,1
2019-09-16,9,0,1165,2913,28.4,0.0,0
2019-09-16,10,0,799,1854,29.0,0.0,0
2019-09-16,17,0,3152,2325,27.2,0.0,0
2019-09-16,18,0,4022,2857,26.9,0.0,0
2019-09-16,19,0,2620,1904,26.6,0.0,0
2019-09-16,20,0,1971,1207,26.4,0.0,0
2019-09-16,21,0,2112,1071,26.0,0.0,0
2019-09-17,6,1,360,380,24.9,0.0,0
2019-09-17,7,1,1081,2150,25.5,0.0,0
2019-09-17,8,1,1956,3948,25.1,0.5,1
2019-09-17,9,1,1219,2607,27.9,0.0,0
2019-09-17,10,1,777,1682,26.4,0.0,0
2019-09-17,17,1,3310,2310,27.7,0.0,0
2019-09-17,18,1,3943,3065,27.2,0.0,0
2019-09-17,19,1,2609,2030,27.0,0.0,0
2019-09-17,20,1,2076,1187,27.2,0.0,0
2019-09-17,21,1,2619,1201,27.1,0.0,0
2019-09-18,6,2,350,376,24.7,0.0,0
2019-09-18,7,2,1089,2035,25.8,0.0,0
2019-09-18,8,2,1961,3770,27.2,0.0,0
2019-09-18,9,2,1240,2503,28.5,0.0,0
2019-09-18,10,2,824,1665,30.0,0.0,0
2019-09-18,17,2,3362,2371,26.9,0.5,1
2019-09-18,18,2,4187,3139,27.0,0.0,0
2019-09-18,19,2,2618,2066,26.9,0.0,0
2019-09-18,20,2,2084,1087,26.6,0.0,0
2019-09-18,21,2,2428,1150,26.5,0.0,0
2019-09-19,6,3,388,414,23.6,0.0,0
2019-09-19,7,3,1146,2169,25.7,0.0,0
2019-09-19,8,3,1889,3846,25.0,0.0,0
2019-09-19,9,3,1220,2588,28.6,0.2,1
2019-09-19,10,3,843,1782,28.5,0.0,0
2019-09-19,17,3,3429,2416,26.5,0.0,0
2019-09-19,18,3,4370,2998,26.3,0.0,0
2019-09-19,19,3,2799,2009,26.1,0.0,0
2019-09-19,20,3,1933,1224,25.9,0.0,0
2019-09-19,21,3,2382,1216,25.3,0.0,0
2019-09-20,6,4,349,394,23.3,0.5,1
2019-09-20,7,4,1089,2164,23.6,0.5,1
2019-09-20,8,4,1889,3786,23.3,0.5,1
2019-09-20,9,4,1368,2796,23.5,1.0,1
2019-09-20,10,4,987,1911,23.4,0.5,1
2019-09-20,17,4,4234,3004,23.2,0.5,1
2019-09-20,18,4,5071,3594,23.4,0.0,0
2019-09-20,19,4,3126,2832,23.2,0.0,0
2019-09-20,20,4,2329,1546,22.5,0.5,1
2019-09-20,21,4,2934,1566,21.9,2.0,1
2019-09-23,6,0,332,408,22.6,0.0,0
2019-09-23,7,0,1101,1897,23.2,0.0,0
2019-09-23,8,0,1863,3521,24.4,0.0,0
2019-09-23,9,0,1140,2597,25.8,0.0,0
2019-09-23,10,0,840,1812,25.9,0.0,0
2019-09-23,17,0,2833,2206,25.4,0.0,0
2019-09-23,18,0,3803,2985,24.9,0.0,0
2019-09-23,19,0,2458,1887,24.7,0.0,0
2019-09-23,20,0,1838,1251,24.6,0.0,0
2019-09-23,21,0,2224,1044,24.6,0.0,0
2019-09-24,6,1,372,391,23.9,0.0,0
2019-09-24,7,1,1073,2068,23.8,0.0,0
2019-09-24,8,1,1865,3757,25.2,0.0,0
2019-09-24,9,1,1182,2590,25.1,0.0,0
2019-09-24,10,1,806,1692,25.3,0.0,0
2019-09-24,17,1,3240,2246,25.5,0.0,0
2019-09-24,18,1,4039,3214,25.2,0.0,0
2019-09-24,19,1,2666,2042,24.9,0.0,0
2019-09-24,20,1,1827,1195,24.4,0.0,0
2019-09-24,21,1,2441,1126,24.3,0.0,0
2019-09-25,6,2,324,397,23.9,0.0,0
2019-09-25,7,2,1102,1953,24.2,0.0,0
2019-09-25,8,2,1920,3601,25.7,0.0,0
2019-09-25,9,2,1251,2474,27.0,0.0,0
2019-09-25,10,2,858,1744,27.6,0.0,0
2019-09-25,17,2,3047,2338,26.0,0.0,0
2019-09-25,18,2,4015,2894,25.4,0.0,0
2019-09-25,19,2,2400,2070,25.3,0.0,0
2019-09-25,20,2,1929,1294,25.1,0.0,0
2019-09-25,21,2,2409,1132,25.1,0.0,0
2019-09-26,6,3,355,417,24.6,0.0,0
2019-09-26,7,3,1119,2047,24.7,0.0,0
2019-09-26,8,3,1909,3506,25.4,0.0,0
2019-09-26,9,3,1196,2666,26.3,0.0,0
2019-09-26,10,3,867,1747,27.9,0.0,0
2019-09-26,17,3,3294,2310,26.5,0.0,0
2019-09-26,18,3,4325,2994,25.8,0.0,0
2019-09-26,19,3,2633,2027,25.3,0.0,0
2019-09-26,20,3,1993,1189,25.6,0.0,0
2019-09-26,21,3,2576,1285,25.6,0.0,0
2019-09-27,6,4,361,410,24.8,0.0,0
2019-09-27,7,4,1071,1943,25.1,0.0,0
2019-09-27,8,4,1959,3319,25.4,0.0,0
2019-09-27,9,4,1334,2941,25.5,0.0,0
2019-09-27,10,4,848,1810,25.9,0.0,0
2019-09-27,17,4,3891,2687,26.0,0.0,0
2019-09-27,18,4,4999,3587,26.0,0.0,0
2019-09-27,19,4,3082,2597,25.6,0.0,0
2019-09-27,20,4,2451,1639,25.1,0.5,1
2019-09-27,21,4,3097,1543,24.4,0.5,1
2019-09-30,6,0,110,140,26.4,5.0,2
2019-09-30,7,0,198,234,24.9,4.0,2
2019-09-30,8,0,298,344,25.6,0.0,0
2019-09-30,9,0,391,538,25.3,0.5,1
2019-09-30,10,0,444,678,25.6,0.5,1
2019-09-30,17,0,784,869,24.4,8.5,3
2019-09-30,18,0,706,608,24.1,4.5,2
2019-09-30,19,0,604,488,24.3,2.5,1
2019-09-30,20,0,442,340,24.2,3.5,2
2019-09-30,21,0,318,204,24.1,2.5,1
2019-10-01,6,1,353,362,23.9,0.5,1
2019-10-01,7,1,1118,2150,24.1,0.5,1
2019-10-01,8,1,1901,3847,24.5,0.0,0
2019-10-01,9,1,1391,2990,26.0,0.0,0
2019-10-01,10,1,777,1936,28.9,0.0,0
2019-10-01,17,1,3171,2186,31.2,0.0,0
2019-10-01,18,1,4195,3061,30.4,0.0,0
2019-10-01,19,1,2663,2064,29.2,0.0,0
2019-10-01,20,1,1936,1247,27.8,0.0,0
2019-10-01,21,1,2323,1153,26.9,0.0,0
2019-10-02,6,2,342,414,24.6,0.0,0
2019-10-02,7,2,1125,2003,24.9,0.0,0
2019-10-02,8,2,2023,3602,26.8,0.0,0
2019-10-02,9,2,1283,2365,29.5,0.0,0
2019-10-02,10,2,805,1708,32.4,0.0,0
2019-10-02,17,2,3159,2279,29.7,0.0,0
2019-10-02,18,2,4037,2871,29.4,0.0,0
2019-10-02,19,2,2499,2172,28.5,0.0,0
2019-10-02,20,2,1919,1214,28.3,0.0,0
2019-10-02,21,2,2348,1139,28.1,0.0,0
2019-10-03,6,3,330,427,25.3,0.0,0
2019-10-03,7,3,1145,1996,25.5,0.0,0
2019-10-03,8,3,1864,3664,27.2,0.0,0
2019-10-03,9,3,1221,2610,29.2,0.0,0
2019-10-03,10,3,795,1770,30.5,0.0,0
2019-10-03,17,3,3329,2290,29.3,0.0,0
2019-10-03,18,3,4055,2873,28.6,0.0,0
2019-10-03,19,3,2661,2045,28.4,0.0,0
2019-10-03,20,3,1937,1251,28.1,0.0,0
2019-10-03,21,3,2383,1155,27.9,0.0,0
2019-10-04,6,4,346,401,24.2,0.0,0
2019-10-04,7,4,1122,2048,24.8,0.0,0
2019-10-04,8,4,1928,3540,26.7,0.0,0
2019-10-04,9,4,1202,2429,28.8,0.0,0
2019-10-04,10,4,977,1804,31.0,0.0,0
2019-10-04,17,4,3690,2776,29.1,0.0,0
2019-10-04,18,4,4574,3221,28.7,0.0,0
2019-10-04,19,4,2745,2608,28.1,0.0,0
2019-10-04,20,4,2101,1474,27.6,0.0,0
2019-10-04,21,4,2490,1434,27.3,0.0,0
2019-10-07,6,0,341,463,25.9,0.0,0
2019-10-07,7,0,1090,1948,26.2,0.0,0
2019-10-07,8,0,1812,3435,28.4,0.0,0
2019-10-07,9,0,1186,2564,29.7,0.0,0
2019-10-07,10,0,814,1742,30.9,0.0,0
2019-10-07,17,0,2854,2220,27.8,0.0,0
2019-10-07,18,0,3719,2790,27.1,0.0,0
2019-10-07,19,0,2326,1836,27.0,0.0,0
2019-10-07,20,0,1823,1184,26.8,0.0,0
2019-10-07,21,0,2126,1051,26.5,0.0,0
2019-10-08,6,1,351,380,25.6,0.0,0
2019-10-08,7,1,1115,1977,25.8,0.0,0
2019-10-08,8,1,1870,3383,27.3,0.0,0
2019-10-08,9,1,1278,2504,27.9,0.0,0
2019-10-08,10,1,780,1741,28.9,0.0,0
2019-10-08,17,1,3080,2400,27.3,0.0,0
2019-10-08,18,1,4085,3042,26.9,0.0,0
2019-10-08,19,1,2566,1917,26.7,0.0,0
2019-10-08,20,1,1954,1228,26.4,0.0,0
2019-10-08,21,1,2441,1294,26.6,0.0,0
2019-10-09,6,2,321,416,25.3,0.0,0
2019-10-09,7,2,1108,1940,25.4,0.0,0
2019-10-09,8,2,1871,3408,26.2,0.0,0
2019-10-09,9,2,1302,2362,27.4,0.0,0
2019-10-09,10,2,937,1716,27.1,0.0,0
2019-10-09,17,2,3891,2549,26.3,0.0,0
2019-10-09,18,2,4683,3148,25.8,0.0,0
2019-10-09,19,2,3166,2342,25.5,0.0,0
2019-10-09,20,2,2392,1454,25.3,0.0,0
2019-10-09,21,2,2736,1337,25.1,0.0,0
2019-10-10,6,3,508,258,23.7,0.0,0
2019-10-10,7,3,720,463,23.5,0.0,0
2019-10-10,8,3,956,506,25.6,0.0,0
2019-10-10,9,3,1107,1019,27.0,0.0,0
2019-10-10,10,3,1235,1067,28.2,0.0,0
2019-10-10,17,3,2532,2571,26.9,0.0,0
2019-10-10,18,3,2569,2518,25.7,0.0,0
2019-10-10,19,3,2407,1922,25.0,0.0,0
2019-10-10,20,3,2051,1701,24.6,0.0,0
2019-10-10,21,3,1894,1497,24.4,0.0,0
2019-10-11,6,4,246,181,22.0,0.0,0
2019-10-11,7,4,459,397,22.4,0.0,0
2019-10-11,8,4,636,522,24.9,0.0,0
2019-10-11,9,4,869,972,26.8,0.0,0
2019-10-11,10,4,1074,1175,28.4,0.0,0
2019-10-11,17,4,2393,2324,27.5,0.0,0
2019-10-11,18,4,2512,2686,26.4,0.0,0
2019-10-11,19,4,2146,1864,25.6,0.0,0
2019-10-11,20,4,2006,1479,25.0,0.0,0
2019-10-11,21,4,1834,1371,25.0,0.0,0
2019-10-14,6,0,338,390,24.3,0.0,0
2019-10-14,7,0,1071,1817,24.7,0.0,0
2019-10-14,8,0,1816,3682,26.1,0.0,0
2019-10-14,9,0,1137,2634,26.3,0.0,0
2019-10-14,10,0,789,1986,26.6,0.0,0
2019-10-14,17,0,2839,2250,25.6,0.0,0
2019-10-14,18,0,3695,2850,25.1,0.0,0
2019-10-14,19,0,2392,1994,25.0,0.0,0
2019-10-14,20,0,1870,1176,23.5,0.0,0
2019-10-14,21,0,2207,1045,22.2,0.7,1
2019-10-15,6,1,351,394,22.8,0.0,0
2019-10-15,7,1,1113,2029,24.0,0.0,0
2019-10-15,8,1,1903,3429,25.4,0.0,0
2019-10-15,9,1,1196,2503,25.2,0.0,0
2019-10-15,10,1,835,1704,26.7,0.0,0
2019-10-15,17,1,2911,2220,23.9,0.0,0
2019-10-15,18,1,3807,2717,23.5,0.0,0
2019-10-15,19,1,2400,1796,23.7,0.0,0
2019-10-15,20,1,1713,1113,23.2,0.0,0
2019-10-15,21,1,2143,1145,23.6,0.0,0
2019-10-16,6,2,341,396,23.1,0.0,0
2019-10-16,7,2,1095,1871,22.7,0.0,0
2019-10-16,8,2,1876,3425,23.1,0.0,0
2019-10-16,9,2,1238,2385,22.5,0.0,0
2019-10-16,10,2,857,1706,21.8,0.0,0
2019-10-16,17,2,3223,2355,23.2,0.3,1
2019-10-16,18,2,3917,2619,23.9,0.0,0
2019-10-16,19,2,2447,1985,23.9,0.0,0
2019-10-16,20,2,1830,1156,23.5,0.0,0
2019-10-16,21,2,2221,1092,23.4,0.0,0
2019-10-17,6,3,329,388,23.4,0.0,0
2019-10-17,7,3,1121,1945,23.3,0.0,0
2019-10-17,8,3,1865,3462,23.7,0.0,0
2019-10-17,9,3,1166,2479,24.0,0.0,0
2019-10-17,10,3,793,1773,25.0,0.0,0
2019-10-17,17,3,3198,2312,24.4,0.0,0
2019-10-17,18,3,4063,2828,23.8,0.0,0
2019-10-17,19,3,2533,1910,23.6,0.0,0
2019-10-17,20,3,1852,1344,23.3,0.0,0
2019-10-17,21,3,2458,1111,23.0,0.0,0
2019-10-18,6,4,324,427,20.3,0.0,0
2019-10-18,7,4,1083,1900,21.0,0.0,0
2019-10-18,8,4,1875,3527,22.7,0.0,0
2019-10-18,9,4,1254,2327,23.6,0.0,0
2019-10-18,10,4,906,1736,24.0,0.0,0
2019-10-18,17,4,3906,2656,23.8,0.0,0
2019-10-18,18,4,4540,3184,23.8,0.0,0
2019-10-18,19,4,2737,2570,23.3,0.0,0
2019-10-18,20,4,2204,1489,23.0,0.0,0
2019-10-18,21,4,2563,1485,23.1,0.0,0
2019-10-21,6,0,337,421,22.7,0.0,0
2019-10-21,7,0,1073,1773,22.8,0.0,0
2019-10-21,8,0,1806,3110,23.3,0.0,0
2019-10-21,9,0,1204,2423,23.7,0.0,0
2019-10-21,10,0,755,1753,24.3,0.0,0
2019-10-21,17,0,3002,2161,23.5,0.0,0
2019-10-21,18,0,3548,2841,23.0,0.0,0
2019-10-21,19,0,2312,1898,22.5,0.0,0
2019-10-21,20,0,1873,1082,22.5,0.0,0
2019-10-21,21,0,2099,979,22.7,0.0,0
2019-10-22,6,1,336,404,20.0,0.0,0
2019-10-22,7,1,1060,1921,20.8,0.0,0
2019-10-22,8,1,1946,3490,23.4,0.0,0
2019-10-22,9,1,1172,2377,25.4,0.0,0
2019-10-22,10,1,834,1725,26.0,0.0,0
2019-10-22,17,1,3201,2340,24.7,0.0,0
2019-10-22,18,1,3956,3042,24.4,0.0,0
2019-10-22,19,1,2410,1913,24.4,0.0,0
2019-10-22,20,1,1890,1147,24.3,0.0,0
2019-10-22,21,1,2233,1168,24.2,0.0,0
2019-10-23,6,2,328,394,22.3,0.0,0
2019-10-23,7,2,1041,1849,22.7,0.0,0
2019-10-23,8,2,1917,3435,25.1,0.0,0
2019-10-23,9,2,1229,2438,26.4,0.0,0
2019-10-23,10,2,850,1673,27.3,0.0,0
2019-10-23,17,2,3258,2366,24.6,0.0,0
2019-10-23,18,2,3734,3004,24.5,0.0,0
2019-10-23,19,2,2522,2020,24.5,0.0,0
2019-10-23,20,2,1815,1122,24.3,0.0,0
2019-10-23,21,2,2227,1115,23.9,0.0,0
2019-10-24,6,3,371,397,22.9,0.0,0
2019-10-24,7,3,1055,2037,23.2,0.0,0
2019-10-24,8,3,1950,3465,24.4,0.0,0
2019-10-24,9,3,1185,2420,25.5,0.0,0
2019-10-24,10,3,826,1819,27.4,0.0,0
2019-10-24,17,3,3203,2231,24.5,0.0,0
2019-10-24,18,3,3912,2953,24.2,0.0,0
2019-10-24,19,3,2525,1951,24.1,0.0,0
2019-10-24,20,3,1794,1171,23.9,0.0,0
2019-10-24,21,3,2391,1122,23.9,0.0,0
2019-10-25,6,4,349,391,22.4,0.0,0
2019-10-25,7,4,1111,1847,22.6,0.0,0
2019-10-25,8,4,1911,3306,24.6,0.0,0
2019-10-25,9,4,1240,2483,26.0,0.0,0
2019-10-25,10,4,900,1842,26.8,0.0,0
2019-10-25,17,4,3897,2620,24.7,0.0,0
2019-10-25,18,4,4579,3440,24.2,0.0,0
2019-10-25,19,4,2770,2402,24.0,0.0,0
2019-10-25,20,4,2220,1515,24.0,0.0,0
2019-10-25,21,4,2649,1447,23.9,0.0,0
2019-10-28,6,0,338,385,23.1,0.0,0
2019-10-28,7,0,1079,1798,23.8,0.0,0
2019-10-28,8,0,1874,3127,24.9,0.0,0
2019-10-28,9,0,1128,2482,26.1,0.0,0
2019-10-28,10,0,769,1870,27.2,0.0,0
2019-10-28,17,0,2861,2242,24.9,0.0,0
2019-10-28,18,0,3530,2690,24.2,0.0,0
2019-10-28,19,0,2365,1897,24.0,0.0,0
2019-10-28,20,0,1788,1115,24.2,0.0,0
2019-10-28,21,0,2059,1013,24.2,0.0,0
2019-10-29,6,1,339,373,21.8,0.2,1
2019-10-29,7,1,1082,1986,21.7,0.8,1
2019-10-29,8,1,1851,3378,21.9,0.1,1
2019-10-29,9,1,1285,2422,22.5,0.0,0
2019-10-29,10,1,818,1792,22.8,0.0,0
2019-10-29,17,1,3021,2146,22.7,0.0,0
2019-10-29,18,1,3892,2841,22.4,0.0,0
2019-10-29,19,1,2365,1869,22.3,0.0,0
2019-10-29,20,1,1832,1078,22.4,0.0,0
2019-10-29,21,1,2302,1058,22.1,0.0,0
2019-10-30,6,2,305,388,22.1,0.0,0
2019-10-30,7,2,1015,1875,22.3,0.0,0
2019-10-30,8,2,1900,3517,22.5,0.0,0
2019-10-30,9,2,1338,2506,23.0,0.0,0
2019-10-30,10,2,824,1733,23.2,0.0,0
2019-10-30,17,2,3440,2180,23.1,0.0,0
2019-10-30,18,2,3731,2748,22.9,0.0,0
2019-10-30,19,2,2253,1767,22.9,0.0,0
2019-10-30,20,2,1706,1046,22.6,0.0,0
2019-10-30,21,2,1857,1075,22.7,0.0,0
2019-10-31,6,3,309,391,22.1,0.3,1
2019-10-31,7,3,1103,1996,22.1,0.3,1
2019-10-31,8,3,1917,3261,22.2,0.3,1
2019-10-31,9,3,1261,2589,22.3,0.3,1
2019-10-31,10,3,892,1903,22.8,0.6,1
2019-10-31,17,3,3146,2266,23.8,0.0,0
2019-10-31,18,3,4005,2858,23.7,0.2,1
2019-10-31,19,3,2718,1958,23.3,1.3,1
2019-10-31,20,3,1849,1210,23.3,0.5,1
2019-10-31,21,3,2181,1109,23.5,0.2,1
2019-11-01,6,4,339,363,24.0,0.0,0
2019-11-01,7,4,1059,1916,24.1,0.0,0
2019-11-01,8,4,1818,3269,24.3,0.0,0
2019-11-01,9,4,1296,2293,24.5,0.0,0
2019-11-01,10,4,921,1778,24.7,0.0,0
2019-11-01,17,4,3476,2631,24.5,0.0,0
2019-11-01,18,4,4185,3145,24.3,0.0,0
2019-11-01,19,4,2745,2317,23.9,0.0,0
2019-11-01,20,4,2105,1446,23.6,0.0,0
2019-11-01,21,4,2371,1405,23.5,0.0,0
2019-11-04,6,0,325,369,23.4,0.0,0
2019-11-04,7,0,1077,1686,23.4,0.0,0
2019-11-04,8,0,1785,3252,23.4,0.0,0
2019-11-04,9,0,1248,2461,23.5,0.0,0
2019-11-04,10,0,833,1742,23.2,0.0,0
2019-11-04,17,0,2982,2079,23.2,0.0,0
2019-11-04,18,0,3433,2556,23.2,0.0,0
2019-11-04,19,0,2088,1693,23.1,0.0,0
2019-11-04,20,0,1739,1068,23.1,0.0,0
2019-11-04,21,0,2005,920,22.2,0.0,0
2019-11-05,6,1,313,395,21.2,0.0,0
2019-11-05,7,1,1104,1857,21.0,0.0,0
2019-11-05,8,1,1917,3463,21.5,0.0,0
2019-11-05,9,1,1283,2371,21.3,0.0,0
2019-11-05,10,1,775,1709,21.1,0.0,0
2019-11-05,17,1,3208,2264,22.9,0.0,0
2019-11-05,18,1,3722,2622,22.6,0.0,0
2019-11-05,19,1,2284,2062,22.8,0.0,0
2019-11-05,20,1,1683,1090,22.7,0.0,0
2019-11-05,21,1,2006,1078,22.6,0.0,0
2019-11-06,6,2,298,409,22.0,0.0,0
2019-11-06,7,2,1089,1819,22.3,0.0,0
2019-11-06,8,2,1921,3374,23.0,0.0,0
2019-11-06,9,2,1240,2417,24.6,0.0,0
2019-11-06,10,2,816,1684,25.7,0.0,0
2019-11-06,17,2,3227,2237,23.6,0.0,0
2019-11-06,18,2,3666,2889,23.3,0.0,0
2019-11-06,19,2,2342,1889,22.9,0.0,0
2019-11-06,20,2,1791,1135,23.0,0.0,0
2019-11-06,21,2,2158,1048,22.9,0.0,0
2019-11-07,6,3,349,396,21.9,0.0,0
2019-11-07,7,3,1102,1909,22.2,0.0,0
2019-11-07,8,3,1854,3345,24.3,0.0,0
2019-11-07,9,3,1229,2325,26.0,0.0,0
2019-11-07,10,3,802,1680,26.1,0.0,0
2019-11-07,17,3,3278,2314,23.8,0.0,0
2019-11-07,18,3,3790,2852,23.5,0.0,0
2019-11-07,19,3,2518,2018,23.3,0.0,0
2019-11-07,20,3,1732,1241,23.3,0.0,0
2019-11-07,21,3,2061,1136,23.2,0.0,0
2019-11-08,6,4,332,425,20.5,0.0,0
2019-11-08,7,4,1071,1897,21.1,0.0,0
2019-11-08,8,4,1821,3276,22.0,0.0,0
2019-11-08,9,4,1265,2486,23.5,0.0,0
2019-11-08,10,4,895,1728,24.4,0.0,0
2019-11-08,17,4,3973,2711,22.5,0.0,0
2019-11-08,18,4,4416,3175,22.0,0.0,0
2019-11-08,19,4,2813,2384,22.2,0.0,0
2019-11-08,20,4,2121,1513,22.0,0.0,0
2019-11-08,21,4,2308,1461,21.8,0.0,0
2019-11-11,6,0,321,406,17.4,0.0,0
2019-11-11,7,0,1012,1759,17.9,0.0,0
2019-11-11,8,0,1773,3220,20.0,0.0,0
2019-11-11,9,0,1215,2614,23.3,0.0,0
2019-11-11,10,0,866,2041,24.7,0.0,0
2019-11-11,17,0,3085,2360,23.0,0.0,0
2019-11-11,18,0,3660,2790,22.3,0.0,0
2019-11-11,19,0,2362,1949,21.8,0.0,0
2019-11-11,20,0,1903,1200,21.4,0.0,0
2019-11-11,21,0,1975,1087,21.2,0.0,0
2019-11-12,6,1,334,386,20.3,0.0,0
2019-11-12,7,1,1073,1893,20.5,0.0,0
2019-11-12,8,1,1883,3544,22.5,0.0,0
2019-11-12,9,1,1248,2402,24.5,0.0,0
2019-11-12,10,1,850,1784,25.8,0.0,0
2019-11-12,17,1,3266,2343,24.3,0.0,0
2019-11-12,18,1,3815,2868,23.5,0.0,0
2019-11-12,19,1,2249,2115,22.9,0.0,0
2019-11-12,20,1,1825,1189,22.7,0.0,0
2019-11-12,21,1,2138,1125,22.5,0.0,0
2019-11-13,6,2,305,403,19.5,0.0,0
2019-11-13,7,2,1116,1864,20.4,0.0,0
2019-11-13,8,2,1863,3475,22.8,0.0,0
2019-11-13,9,2,1261,2504,25.2,0.0,0
2019-11-13,10,2,817,1696,27.8,0.0,0
2019-11-13,17,2,3212,2307,24.4,0.0,0
2019-11-13,18,2,3913,2982,23.7,0.0,0
2019-11-13,19,2,2455,2084,23.2,0.0,0
2019-11-13,20,2,1866,1106,23.2,0.0,0
2019-11-13,21,2,2170,1256,22.9,0.0,0
2019-11-14,6,3,317,405,21.2,0.0,0
2019-11-14,7,3,1081,1938,21.4,0.0,0
2019-11-14,8,3,1928,3321,21.7,0.0,0
2019-11-14,9,3,1232,2287,21.5,0.0,0
2019-11-14,10,3,801,1815,21.1,0.0,0
2019-11-14,17,3,3273,2368,21.5,0.0,0
2019-11-14,18,3,4225,3003,20.5,0.0,0
2019-11-14,19,3,2870,1921,19.5,0.7,1
2019-11-14,20,3,1864,1290,19.9,0.1,1
2019-11-14,21,3,2305,1211,20.3,0.0,0
2019-11-15,6,4,380,448,19.6,0.0,0
2019-11-15,7,4,1157,1849,19.9,0.0,0
2019-11-15,8,4,1928,2848,20.8,0.0,0
2019-11-15,9,4,1422,1701,21.6,0.0,0
2019-11-15,10,4,1110,1454,23.2,0.0,0
2019-11-15,17,4,3621,2765,22.5,0.0,0
2019-11-15,18,4,3918,3556,21.8,0.0,0
2019-11-15,19,4,2627,2670,21.7,0.0,0
2019-11-15,20,4,2122,1565,21.6,0.0,0
2019-11-15,21,4,2662,1539,21.3,0.0,0
2019-11-18,6,0,327,381,22.5,0.0,0
2019-11-18,7,0,1025,1596,23.2,0.0,0
2019-11-18,8,0,1740,3106,24.6,0.0,0
2019-11-18,9,0,1233,2482,25.0,0.0,0
2019-11-18,10,0,857,1963,25.2,0.0,0
2019-11-18,17,0,2801,2130,21.2,0.0,0
2019-11-18,18,0,3543,2759,21.0,0.0,0
2019-11-18,19,0,2403,1848,20.6,0.0,0
2019-11-18,20,0,1797,1160,20.0,0.0,0
2019-11-18,21,0,1980,1021,19.7,0.0,0
2019-11-19,6,1,336,368,18.4,0.0,0
2019-11-19,7,1,1067,1838,18.4,0.0,0
2019-11-19,8,1,1860,3376,18.5,0.0,0
2019-11-19,9,1,1207,2342,18.1,0.0,0
2019-11-19,10,1,916,1863,18.4,0.0,0
2019-11-19,17,1,3024,2399,19.1,0.0,0
2019-11-19,18,1,4050,2922,19.3,0.0,0
2019-11-19,19,1,2470,1958,19.6,0.0,0
2019-11-19,20,1,1965,1256,18.9,0.0,0
2019-11-19,21,1,2226,1170,17.7,0.0,0
2019-11-20,6,2,298,382,18.0,0.0,0
2019-11-20,7,2,1067,1801,18.3,0.0,0
2019-11-20,8,2,1876,3241,19.1,0.0,0
2019-11-20,9,2,1218,2519,19.5,0.0,0
2019-11-20,10,2,868,1802,19.6,0.0,0
2019-11-20,17,2,3202,2417,18.5,0.0,0
2019-11-20,18,2,4071,3135,18.4,0.0,0
2019-11-20,19,2,2617,2169,18.6,0.0,0
2019-11-20,20,2,1869,1219,18.4,0.1,1
2019-11-20,21,2,2148,1210,18.7,0.0,0
2019-11-21,6,3,365,377,19.8,0.0,0
2019-11-21,7,3,1059,1913,20.3,0.0,0
2019-11-21,8,3,1847,3421,20.9,0.0,0
2019-11-21,9,3,1267,2323,21.1,0.0,0
2019-11-21,10,3,942,1837,22.1,0.0,0
2019-11-21,17,3,3601,2256,21.5,0.0,0
2019-11-21,18,3,4416,2882,20.8,0.4,1
2019-11-21,19,3,2631,1977,20.8,0.4,1
2019-11-21,20,3,2027,1272,20.6,0.6,1
2019-11-21,21,3,2362,1325,20.6,0.4,1
2019-11-22,6,4,320,363,20.5,0.0,0
2019-11-22,7,4,1047,1808,20.6,0.0,0
2019-11-22,8,4,1858,3527,21.1,0.1,1
2019-11-22,9,4,1383,2575,21.3,0.5,1
2019-11-22,10,4,908,1988,21.8,0.2,1
2019-11-22,17,4,3959,2756,22.9,0.0,0
2019-11-22,18,4,4831,3228,22.8,0.0,0
2019-11-22,19,4,2785,2624,22.6,0.0,0
2019-11-22,20,4,2230,1552,22.7,0.0,0
2019-11-22,21,4,2640,1513,22.8,0.0,0
2019-11-25,6,0,331,406,22.7,0.0,0
2019-11-25,7,0,992,1687,22.8,0.0,0
2019-11-25,8,0,1740,3128,23.1,0.0,0
2019-11-25,9,0,1316,2466,23.2,0.0,0
2019-11-25,10,0,876,1885,23.1,0.0,0
2019-11-25,17,0,3039,2239,20.4,0.0,0
2019-11-25,18,0,3743,2743,19.7,0.8,1
2019-11-25,19,0,2392,1797,19.6,0.4,1
2019-11-25,20,0,1776,1078,19.5,0.1,1
2019-11-25,21,0,2013,1052,19.7,0.0,0
2019-11-26,6,1,306,399,19.2,0.0,0
2019-11-26,7,1,1065,1884,19.4,0.0,0
2019-11-26,8,1,1875,3340,20.2,0.0,0
2019-11-26,9,1,1343,2312,21.2,0.0,0
2019-11-26,10,1,817,1858,21.5,0.0,0
2019-11-26,17,1,3080,2339,20.7,0.0,0
2019-11-26,18,1,4085,3025,20.7,0.0,0
2019-11-26,19,1,2416,1970,20.6,0.0,0
2019-11-26,20,1,1753,1284,20.5,0.0,0
2019-11-26,21,1,2261,1189,20.2,0.0,0
2019-11-27,6,2,316,403,19.8,0.0,0
2019-11-27,7,2,1065,1791,20.0,0.0,0
2019-11-27,8,2,1896,3292,20.3,0.0,0
2019-11-27,9,2,1331,2384,20.4,0.0,0
2019-11-27,10,2,865,1676,21.7,0.0,0
2019-11-27,17,2,3445,2381,20.1,0.0,0
2019-11-27,18,2,3827,2886,20.2,0.0,0
2019-11-27,19,2,2352,1902,20.0,0.0,0
2019-11-27,20,2,1783,1189,20.2,0.0,0
2019-11-27,21,2,2071,1149,20.4,0.0,0
2019-11-28,6,3,327,373,19.3,0.0,0
2019-11-28,7,3,992,1790,19.0,0.0,0
2019-11-28,8,3,1712,3042,18.9,0.0,0
2019-11-28,9,3,1391,2447,19.2,0.0,0
2019-11-28,10,3,900,1890,19.2,0.0,0
2019-11-28,17,3,3339,2503,17.4,0.0,0
2019-11-28,18,3,4124,2958,16.9,0.0,0
2019-11-28,19,3,2543,2098,16.8,0.0,0
2019-11-28,20,3,2161,1318,16.8,0.0,0
2019-11-28,21,3,2608,1297,16.2,0.0,0
2019-11-29,6,4,336,389,17.2,0.0,0
2019-11-29,7,4,1043,1820,17.5,0.0,0
2019-11-29,8,4,1846,3252,18.2,0.0,0
2019-11-29,9,4,1347,2454,18.6,0.0,0
2019-11-29,10,4,909,1891,20.5,0.0,0
2019-11-29,17,4,4003,2833,19.8,0.0,0
2019-11-29,18,4,4750,3267,19.8,0.0,0
2019-11-29,19,4,2876,2726,19.6,0.0,0
2019-11-29,20,4,2374,1731,19.1,0.0,0
2019-11-29,21,4,2760,1546,19.2,0.0,0
2019-12-02,6,0,306,390,17.4,0.0,0
2019-12-02,7,0,980,1707,17.4,0.0,0
2019-12-02,8,0,1742,3028,16.9,0.0,0
2019-12-02,9,0,1286,2496,16.9,0.0,0
2019-12-02,10,0,814,1872,16.5,0.0,0
2019-12-02,17,0,2961,2181,15.8,0.0,0
2019-12-02,18,0,3613,2696,15.8,0.0,0
2019-12-02,19,0,2284,1936,15.8,0.0,0
2019-12-02,20,0,1818,1165,16.0,0.0,0
2019-12-02,21,0,2039,1040,16.2,0.0,0
2019-12-03,6,1,311,373,15.6,0.0,0
2019-12-03,7,1,1084,1817,15.7,0.0,0
2019-12-03,8,1,1852,3231,16.8,0.0,0
2019-12-03,9,1,1248,2427,18.5,0.0,0
2019-12-03,10,1,767,1857,18.7,0.0,0
2019-12-03,17,1,3127,2244,17.6,0.0,0
2019-12-03,18,1,3885,2912,17.7,0.0,0
2019-12-03,19,1,2310,1966,17.8,0.0,0
2019-12-03,20,1,1835,1222,17.7,0.0,0
2019-12-03,21,1,2126,1149,17.6,0.0,0
2019-12-04,6,2,298,392,17.3,0.0,0
2019-12-04,7,2,1011,1721,17.5,0.0,0
2019-12-04,8,2,1849,3254,17.9,0.0,0
2019-12-04,9,2,1307,2300,18.5,0.0,0
2019-12-04,10,2,893,1773,18.5,0.0,0
2019-12-04,17,2,3167,2385,18.0,0.0,0
2019-12-04,18,2,3953,2769,18.1,0.0,0
2019-12-04,19,2,2569,2105,17.8,0.0,0
2019-12-04,20,2,1914,1266,17.5,0.0,0
2019-12-04,21,2,2222,1211,16.5,0.0,0
2019-12-05,6,3,321,353,15.2,0.4,1
2019-12-05,7,3,1061,1835,15.0,0.3,1
2019-12-05,8,3,1969,3525,15.5,0.3,1
2019-12-05,9,3,1484,2682,15.8,0.1,1
2019-12-05,10,3,930,1967,15.8,0.5,1
2019-12-05,17,3,3496,2331,15.3,2.0,1
2019-12-05,18,3,4334,2960,15.4,3.0,2
2019-12-05,19,3,2835,2011,15.5,4.0,2
2019-12-05,20,3,1958,1242,15.5,4.0,2
2019-12-05,21,3,2244,1288,15.5,1.0,1
2019-12-06,6,4,288,343,15.6,4.0,2
2019-12-06,7,4,1046,1685,15.5,1.5,1
2019-12-06,8,4,1945,3138,15.8,4.0,2
2019-12-06,9,4,1539,2534,15.7,1.0,1
2019-12-06,10,4,979,1978,15.8,2.0,1
2019-12-06,17,4,4058,2629,15.5,2.5,1
2019-12-06,18,4,4795,3305,15.1,2.5,1
2019-12-06,19,4,3162,2825,14.8,1.0,1
2019-12-06,20,4,2299,1597,14.5,1.0,1
2019-12-06,21,4,2506,1530,14.2,1.5,1
2019-12-09,6,0,305,371,16.5,0.0,0
2019-12-09,7,0,979,1672,17.3,0.0,0
2019-12-09,8,0,1787,3036,18.2,0.0,0
2019-12-09,9,0,1287,2323,19.0,0.0,0
2019-12-09,10,0,851,2073,19.6,0.0,0
2019-12-09,17,0,3153,2260,19.6,0.0,0
2019-12-09,18,0,3712,2861,19.2,0.0,0
2019-12-09,19,0,2423,1993,19.5,0.0,0
2019-12-09,20,0,1942,1194,19.6,0.0,0
2019-12-09,21,0,2077,1122,19.6,0.0,0
2019-12-10,6,1,318,370,16.4,0.0,0
2019-12-10,7,1,1037,1789,16.8,0.0,0
2019-12-10,8,1,1864,3228,18.3,0.0,0
2019-12-10,9,1,1296,2338,20.8,0.0,0
2019-12-10,10,1,1016,1962,22.0,0.0,0
2019-12-10,17,1,3228,2498,21.5,0.0,0
2019-12-10,18,1,3958,3120,21.1,0.0,0
2019-12-10,19,1,2465,2279,20.8,0.0,0
2019-12-10,20,1,1808,1206,20.3,0.0,0
2019-12-10,21,1,2294,1308,19.6,0.0,0
2019-12-11,6,2,285,386,18.1,0.0,0
2019-12-11,7,2,1073,1783,18.2,0.0,0
2019-12-11,8,2,1835,3164,19.0,0.0,0
2019-12-11,9,2,1319,2611,20.5,0.0,0
2019-12-11,10,2,849,1857,20.7,0.0,0
2019-12-11,17,2,3039,2353,20.1,0.0,0
2019-12-11,18,2,3800,2993,19.7,0.0,0
2019-12-11,19,2,2385,2048,19.5,0.0,0
2019-12-11,20,2,1809,1263,19.5,0.0,0
2019-12-11,21,2,2198,1283,19.2,0.0,0
2019-12-12,6,3,313,368,17.0,0.0,0
2019-12-12,7,3,1023,1815,17.1,0.0,0
2019-12-12,8,3,1884,3249,18.2,0.0,0
2019-12-12,9,3,1242,2304,20.2,0.0,0
2019-12-12,10,3,929,1864,20.6,0.0,0
2019-12-12,17,3,3253,2435,19.4,0.0,0
2019-12-12,18,3,4158,3111,19.1,0.0,0
2019-12-12,19,3,2850,2017,18.9,0.0,0
2019-12-12,20,3,1999,1337,18.8,0.0,0
2019-12-12,21,3,2357,1242,18.5,0.0,0
2019-12-13,6,4,305,393,18.5,0.0,0
2019-12-13,7,4,1025,1763,18.1,0.0,0
2019-12-13,8,4,1773,3137,19.3,0.0,0
2019-12-13,9,4,1251,2260,21.6,0.0,0
2019-12-13,10,4,988,1949,22.6,0.0,0
2019-12-13,17,4,3873,2887,21.0,0.0,0
2019-12-13,18,4,4599,3468,20.5,0.0,0
2019-12-13,19,4,2760,2763,20.2,0.0,0
2019-12-13,20,4,2298,1681,20.0,0.0,0
2019-12-13,21,4,2873,1552,19.9,0.0,0
2019-12-16,6,0,334,394,17.5,0.0,0
2019-12-16,7,0,1043,1731,17.3,0.0,0
2019-12-16,8,0,1780,3128,19.1,0.0,0
2019-12-16,9,0,1321,2406,22.2,0.0,0
2019-12-16,10,0,854,2030,24.9,0.0,0
2019-12-16,17,0,3048,2327,23.9,0.0,0
2019-12-16,18,0,3809,2804,23.1,0.0,0
2019-12-16,19,0,2499,1977,22.6,0.0,0
2019-12-16,20,0,1896,1316,22.1,0.0,0
2019-12-16,21,0,1927,1227,21.0,0.0,0
2019-12-17,6,1,326,356,18.2,0.0,0
2019-12-17,7,1,1043,1748,18.4,0.0,0
2019-12-17,8,1,1864,3177,19.5,0.0,0
2019-12-17,9,1,1299,2359,22.5,0.0,0
2019-12-17,10,1,882,1988,25.2,0.0,0
2019-12-17,17,1,3151,2308,25.6,0.0,0
2019-12-17,18,1,3949,2930,25.2,0.0,0
2019-12-17,19,1,2554,1982,24.6,0.0,0
2019-12-17,20,1,1904,1178,23.8,0.0,0
2019-12-17,21,1,2266,1242,23.7,0.0,0
2019-12-18,6,2,288,369,21.6,0.0,0
2019-12-18,7,2,1015,1757,21.5,0.0,0
2019-12-18,8,2,1909,3155,21.0,0.0,0
2019-12-18,9,2,1291,2329,20.6,0.0,0
2019-12-18,10,2,906,1890,20.4,0.0,0
2019-12-18,17,2,3224,2303,20.1,0.0,0
2019-12-18,18,2,4132,3037,20.1,0.0,0
2019-12-18,19,2,2602,2194,19.9,0.0,0
2019-12-18,20,2,1920,1282,19.8,0.0,0
2019-12-18,21,2,2406,1307,19.7,0.0,0
2019-12-19,6,3,311,347,19.3,0.0,0
2019-12-19,7,3,1039,1784,19.5,0.0,0
2019-12-19,8,3,1823,3384,19.9,0.0,0
2019-12-19,9,3,1298,2440,20.7,0.0,0
2019-12-19,10,3,834,1995,21.5,0.0,0
2019-12-19,17,3,3350,2381,19.5,0.0,0
2019-12-19,18,3,4289,3066,19.3,0.0,0
2019-12-19,19,3,2729,2060,19.0,0.0,0
2019-12-19,20,3,1919,1209,18.7,0.0,0
2019-12-19,21,3,2440,1347,18.2,0.0,0
2019-12-20,6,4,318,399,17.2,0.0,0
2019-12-20,7,4,1103,1650,17.1,0.0,0
2019-12-20,8,4,1919,3269,17.4,0.0,0
2019-12-20,9,4,1354,2410,17.9,0.0,0
2019-12-20,10,4,955,2099,18.5,0.0,0
2019-12-20,17,4,4192,2877,19.3,0.0,0
2019-12-20,18,4,5047,3478,18.7,1.1,1
2019-12-20,19,4,2769,2655,18.9,0.0,0
2019-12-20,20,4,2202,1653,19.0,0.0,0
2019-12-20,21,4,3035,1660,18.9,1.0,1
2019-12-23,6,0,323,393,18.4,0.0,0
2019-12-23,7,0,950,1584,18.8,0.0,0
2019-12-23,8,0,1753,2992,19.2,0.0,0
2019-12-23,9,0,1231,2498,19.9,0.0,0
2019-12-23,10,0,894,1988,20.1,0.0,0
2019-12-23,17,0,3025,2428,20.3,0.0,0
2019-12-23,18,0,3653,2871,20.2,0.0,0
2019-12-23,19,0,2586,2022,20.1,0.0,0
2019-12-23,20,0,1991,1236,19.9,0.0,0
2019-12-23,21,0,2145,1158,20.0,0.0,0
2019-12-24,6,1,343,362,17.2,0.0,0
2019-12-24,7,1,1025,1757,17.9,0.0,0
2019-12-24,8,1,1830,3013,18.5,0.0,0
2019-12-24,9,1,1259,2291,20.6,0.0,0
2019-12-24,10,1,948,1951,21.7,0.0,0
2019-12-24,17,1,3203,2404,20.3,0.0,0
2019-12-24,18,1,4296,3222,20.1,0.0,0
2019-12-24,19,1,2669,2189,20.0,0.0,0
2019-12-24,20,1,1916,1328,20.0,0.0,0
2019-12-24,21,1,2368,1504,19.9,0.0,0
2019-12-25,6,2,299,371,18.8,0.0,0
2019-12-25,7,2,1022,1662,18.9,0.0,0
2019-12-25,8,2,1822,3018,19.5,0.0,0
2019-12-25,9,2,1172,2263,20.5,0.0,0
2019-12-25,10,2,920,1903,21.2,0.0,0
2019-12-25,17,2,3344,2438,22.0,0.0,0
2019-12-25,18,2,4264,2960,21.1,0.0,0
2019-12-25,19,2,2699,2263,20.7,0.0,0
2019-12-25,20,2,2020,1334,20.4,0.0,0
2019-12-25,21,2,2195,1445,20.1,0.0,0
2019-12-26,6,3,325,404,18.5,0.0,0
2019-12-26,7,3,1019,1714,18.4,0.0,0
2019-12-26,8,3,1802,3114,19.1,0.0,0
2019-12-26,9,3,1247,2217,20.8,0.0,0
2019-12-26,10,3,874,2058,21.1,0.0,0
2019-12-26,17,3,3247,2350,20.9,0.0,0
2019-12-26,18,3,4187,2966,20.1,0.0,0
2019-12-26,19,3,2828,2210,18.9,0.0,0
2019-12-26,20,3,1952,1337,17.9,0.0,0
2019-12-26,21,3,2374,1329,17.8,0.0,0
2019-12-27,6,4,327,371,14.9,0.0,0
2019-12-27,7,4,1007,1674,14.7,0.0,0
2019-12-27,8,4,1795,2846,15.1,0.0,0
2019-12-27,9,4,1208,2300,15.2,0.0,0
2019-12-27,10,4,916,2088,15.4,0.0,0
2019-12-27,17,4,3909,2933,15.8,0.0,0
2019-12-27,18,4,4611,3123,15.8,0.0,0
2019-12-27,19,4,2824,2810,15.9,0.0,0
2019-12-27,20,4,2109,1609,15.9,0.0,0
2019-12-27,21,4,2787,1528,16.2,0.0,0
2019-12-30,6,0,296,358,19.3,0.0,0
2019-12-30,7,0,997,1615,19.4,0.0,0
2019-12-30,8,0,1746,2917,20.1,0.0,0
2019-12-30,9,0,1287,2368,20.8,0.5,1
2019-12-30,10,0,937,2039,20.8,0.5,1
2019-12-30,17,0,3145,2422,19.8,3.0,2
2019-12-30,18,0,4014,2869,19.5,3.5,2
2019-12-30,19,0,2565,1967,19.3,2.5,1
2019-12-30,20,0,2005,1283,19.3,1.5,1
2019-12-30,21,0,2210,1229,19.2,0.0,0
2019-12-31,6,1,329,360,16.5,0.0,0
2019-12-31,7,1,942,1656,16.5,0.0,0
2019-12-31,8,1,1725,2937,16.6,0.0,0
2019-12-31,9,1,1268,2305,16.7,0.0,0
2019-12-31,10,1,913,2045,16.7,0.0,0
2019-12-31,17,1,4035,2713,14.2,0.0,0
2019-12-31,18,1,5161,3556,14.3,0.0,0
2019-12-31,19,1,3494,2936,14.0,0.0,0
2019-12-31,20,1,2766,1867,13.8,0.0,0
2019-12-31,21,1,2565,1848,14.2,0.0,0
