<?xml version="1.0" encoding="UTF-8"?>
<metadata xml:lang="zh"><Esri><CreaDate>20190709</CreaDate><CreaTime>16590100</CreaTime><ArcGISFormat>1.0</ArcGISFormat><SyncOnce>TRUE</SyncOnce><DataProperties><lineage><Process ToolSource="c:\program files (x86)\arcgis\desktop10.5\ArcToolbox\Toolboxes\Conversion Tools.tbx\FeatureClassToFeatureClass" Date="20190709" Time="165901">FeatureClassToFeatureClass GPL0 D:/IIS_WEB/gist.motc.gov.tw/GISTWeb/Content/UploadFiles/A190010173V002/shp A190010173V002 # "StationUID "StationUID" true true false 255 Text 0 0 ,First,#,GPL0,StationUID,-1,-1;StationID "StationID" true true false 255 Text 0 0 ,First,#,GPL0,StationID,-1,-1;Zh_tw "Zh_tw" true true false 255 Text 0 0 ,First,#,GPL0,Zh_tw,-1,-1;En "En" true true false 255 Text 0 0 ,First,#,GPL0,En,-1,-1;PositionLa "PositionLa" true true false 8 Double 8 38 ,First,#,GPL0,PositionLat,-1,-1;PositionLo "PositionLo" true true false 8 Double 8 38 ,First,#,GPL0,PositionLon,-1,-1;StationAdd "StationAdd" true true false 255 Text 0 0 ,First,#,GPL0,StationAddress,-1,-1;BikeAllowO "BikeAllowO" true true false 2 Short 0 2 ,First,#,GPL0,BikeAllowOnHoliday,-1,-1;SrcUpdateT "SrcUpdateT" true true false 255 Text 0 0 ,First,#,GPL0,SrcUpdateTime,-1,-1;UpdateTime "UpdateTime" true true false 255 Text 0 0 ,First,#,GPL0,UpdateTime,-1,-1;UniqueID "UniqueID" true true false 40 Text 0 0 ,First,#,GPL0,UniqueID,-1,-1" #</Process></lineage></DataProperties></Esri></metadata>
